Date,ppt _mm,tmin_C,tmean_C,tmax_C,vpdmin_hPa,vpdmax_hPa
1895-01,596.61,2.7,6.8,10.8,0.9,5.38
1895-02,134.56,3.9,10.3,16.8,1.08,11.29
1895-03,131.16,3.8,10,16.3,1.36,11.24
1895-04,44.49,4.3,11.5,18.6,1.16,13.66
1895-05,53.28,8.1,14.7,21.3,1.8,16.16
1895-06,0,9.7,19.4,29.1,2.38,30.65
1895-07,3.24,11.3,20.5,29.7,2.09,30.47
1895-08,0,10.9,21.4,31.8,2.29,36.5
1895-09,52.08,7.7,16.5,25.3,1.8,23.72
1895-10,5.77,7.7,16.2,24.7,2.42,23.15
1895-11,71.13,2.7,10,17.4,0.98,12.53
1895-12,128.61,1.2,6.5,11.8,0.89,7
1896-01,470.04,4.5,8.8,13.1,1,6.57
1896-02,21.82,2.8,10.2,17.6,0.67,12.29
1896-03,112.75,5.7,10.8,15.9,1.61,9.87
1896-04,178.55,3.6,8.8,14.1,1.05,8.28
1896-05,70.92,6.4,12.9,19.3,1.27,13.55
1896-06,0,12.1,19.7,27.4,3.9,26.57
1896-07,0.4,13.2,22.6,32.1,2.55,35.33
1896-08,6.6,12.1,20.8,29.5,2.5,29.95
1896-09,11.27,10.6,18.5,26.4,3.31,25.4
1896-10,34.29,7.4,15.6,23.8,2.01,21.14
1896-11,208.65,3.7,9.1,14.6,1.11,8.84
1896-12,249.79,4.3,9,13.7,1.26,7.78
1897-01,114.33,2.4,7.2,12,0.82,6.48
1897-02,289.42,2.7,7.5,12.3,0.67,6.25
1897-03,213.44,1.9,7,12.1,1.02,7.13
1897-04,19.5,6.1,14.3,22.5,1.74,19.33
1897-05,6.76,9.4,17.3,25.3,2.53,23
1897-06,32.2,10.6,18,25.3,2.35,21.88
1897-07,0,12.6,22,31.5,2.95,34.76
1897-08,0.53,12.1,21.8,31.5,2.62,35.19
1897-09,6.29,9.8,18.1,26.4,2.58,25.09
1897-10,59.57,6.7,14.6,22.4,1.4,18.48
1897-11,97.59,3.2,9.3,15.4,0.86,9.71
1897-12,113.68,1,7.2,13.3,0.82,8.46
1898-01,41.83,-1.4,4.8,11.1,0.67,7.06
1898-02,227.9,3.6,9.1,14.7,0.74,8.39
1898-03,21.86,1.5,8.9,16.2,1.16,12.05
1898-04,20.79,5.6,13.7,21.7,1.74,18.29
1898-05,62.91,6.8,13.3,19.9,1.29,14.15
1898-06,13.31,10.9,18.7,26.6,2.86,24.75
1898-07,0,10.7,21.5,32.3,1.57,37.15
1898-08,0,11.3,21.4,31.6,1.63,34.95
1898-09,22.25,9,17.9,26.9,2.15,26.19
1898-10,40,7.4,14.9,22.4,2.29,19.03
1898-11,70.29,3.3,10.3,17.3,1.12,12.32
1898-12,54.71,0.9,7.5,14,1.11,9.73
1899-01,289.73,3.1,8.5,13.9,0.74,7.84
1899-02,36.11,1.5,8.7,15.9,0.81,11.17
1899-03,212.32,4.2,9.6,14.9,1.19,9.1
1899-04,21.94,5.2,12.6,19.9,1.6,15.65
1899-05,51.78,5.4,12.7,19.9,1.24,15.02
1899-06,2.13,9.1,19.2,29.3,1.55,30.85
1899-07,0,9.5,22.1,34.8,1.07,44.66
1899-08,1.73,9.6,19.9,30.2,1.35,32.34
1899-09,1.65,9.9,22,34.1,2.99,44.5
1899-10,127.84,6.3,14,21.8,1.26,17.23
1899-11,243.45,7.1,11.9,16.6,1.13,9.01
1899-12,202.77,2.6,8.3,14,1.01,8.74
1900-01,137.6,4.8,10.3,15.9,1.02,9.77
1900-02,82.53,3.1,9.6,16.1,0.79,10.48
1900-03,119.35,5.5,12.8,20.1,1.24,15.33
1900-04,67.02,4.6,11.9,19.2,1.1,14.32
1900-05,28.48,8,15.9,23.9,1.69,20.45
1900-06,6.79,11,21,31,2.57,34.77
1900-07,0,11,22.8,34.6,1.77,43.72
1900-08,0,9.9,20.8,31.7,1.52,36.23
1900-09,8.03,8.1,18.3,28.5,1.8,30.34
1900-10,139.89,6.5,13.9,21.2,1.36,16.46
1900-11,137.21,5.3,11.3,17.3,0.78,10.59
1900-12,112.33,3,8.9,14.9,0.86,9.33
1901-01,285.12,2,7.4,12.9,0.81,7.47
1901-02,172.07,3.5,9,14.6,0.75,8.41
1901-03,45.55,4.4,11.7,19.1,1.33,14.51
1901-04,77.09,3.7,11.9,20.2,1.38,16.77
1901-05,24.47,7,14.9,22.9,1.32,18.96
1901-06,0,9.1,18.6,28.2,2.01,28.75
1901-07,0,9.8,21.1,32.4,1.19,37.61
1901-08,0,10.5,22.4,34.3,1.02,42.65
1901-09,40.67,8.7,18.7,28.7,2.31,30.88
1901-10,43.32,8.3,17.2,26.1,1.64,24.54
1901-11,167.14,6,11.9,17.8,1.15,11.38
1901-12,71.08,1.4,8.5,15.6,0.87,10.93
1902-01,65.22,-0.1,6.4,12.8,0.62,8.2
1902-02,566.16,5.9,9.6,13.3,1.14,6.23
1902-03,151.64,2.1,8.8,15.4,0.89,10.32
1902-04,135.69,5.3,11.7,18,1.49,12.71
1902-05,52.66,6.8,14,21.1,1.58,16.53
1902-06,0,10.8,20.2,29.6,3.29,32.06
1902-07,0,12.5,22.5,32.6,3.12,37.96
1902-08,0.48,12.4,22.2,32,3.46,37.22
1902-09,0,11,21.7,32.4,3.96,40.13
1902-10,138.82,6.9,14.9,22.9,1.61,19.43
1902-11,240.01,4.5,10,15.6,1.19,9.66
1902-12,138.18,2.5,7.4,12.2,1.02,6.85
1903-01,218.86,2.2,7.6,13.1,0.86,7.7
1903-02,79.56,-0.5,6.7,13.8,0.86,9.74
1903-03,189.98,3.3,8.9,14.5,0.9,8.6
1903-04,11.88,3.3,11.5,19.7,1.15,15.96
1903-05,0,6.8,16.5,26.2,1.65,25.91
1903-06,0,10.7,20.3,29.9,2.56,32.17
1903-07,0,9.4,20.7,32,1.4,37.13
1903-08,0,10.4,21.8,33.2,2.16,40.36
1903-09,0,9.3,20.2,31,2.76,36.46
1903-10,32.79,7.8,17.3,26.9,2.24,27.34
1903-11,308.67,6.3,11.5,16.7,1.34,10.04
1903-12,103.13,1.7,8.3,15,1.01,10.29
1904-01,66.75,0.3,7.6,14.9,0.69,10.34
1904-02,517.07,3.3,7.8,12.4,0.85,6.3
1904-03,414.9,4.2,8.5,12.8,0.87,6.21
1904-04,83.92,5.1,12.1,19.1,1.16,13.94
1904-05,6.17,8.6,17.8,27,2.54,27.2
1904-06,0.27,10.2,20.8,31.4,2.55,36.22
1904-07,0.79,11,22.2,33.4,1.56,39.93
1904-08,1.97,10.9,22.8,34.7,1.84,44.23
1904-09,84.75,11,21.1,31.2,2.84,35.63
1904-10,143.31,7.6,15.2,22.8,1.56,18.79
1904-11,88.51,4.6,11.5,18.3,1.03,12.67
1904-12,187.36,2.1,7.7,13.3,0.89,8.05
1905-01,228.22,3.1,8.4,13.6,0.8,7.58
1905-02,119.24,3.4,10.1,16.9,0.82,11.35
1905-03,198.18,5.8,12.4,19,1.1,13.17
1905-04,40.58,5.4,13.1,20.9,1.39,16.85
1905-05,69.47,6.1,13.4,20.7,1.01,15.43
1905-06,0,8.6,18.3,27.9,1.8,28.31
1905-07,0,11.7,23.1,34.5,2.71,43.42
1905-08,0,10.3,22,33.6,2.12,41.45
1905-09,1.41,9,19.4,29.9,2.39,33.28
1905-10,0,4.9,15.3,25.7,1.82,25.92
1905-11,61.24,2.8,11.1,19.4,1.19,15.63
1905-12,80.56,0.6,7.2,13.9,1.05,9.69
1906-01,438.03,3.1,9,15,1.01,9.45
1906-02,216.09,5.9,10.9,15.9,1.25,9.18
1906-03,231.49,6,10.6,15.3,1.71,9.33
1906-04,41.9,5.1,12.8,20.6,1.22,16.27
1906-05,93.55,7.2,14.1,21.1,1.3,15.74
1906-06,29.66,9.6,17.1,24.7,1.99,21.18
1906-07,0,12.3,24.1,35.9,2.33,46.92
1906-08,0,10.3,22.4,34.5,1.51,43.9
1906-09,4.06,8.3,19.6,30.9,2.02,35.87
1906-10,0,7.3,17.3,27.3,2.29,28.52
1906-11,56.88,3.9,10.7,17.5,1.04,12.12
1906-12,257.36,4,8.5,13,1.06,6.82
1907-01,243.72,1.7,5.7,9.6,0.88,4.69
1907-02,190.62,6.2,11.6,17,0.97,10.06
1907-03,471.71,3.2,8.3,13.4,0.74,7.34
1907-04,35.21,6.5,14.2,21.8,1.58,17.92
1907-05,17.06,6.4,15.1,23.7,1.38,20.88
1907-06,27.04,8.8,17.6,26.4,1.15,24.3
1907-07,0,10.7,21.3,31.9,1.74,36.21
1907-08,0,11,21.5,32,2.41,37.07
1907-09,1.71,7,17.4,27.8,1.4,28.83
1907-10,23.8,7.6,16.1,24.7,1.33,22
1907-11,9.07,2.8,11.5,20.3,0.94,16.58
1907-12,266.82,3.3,8.1,13,0.95,7.1
1908-01,162.46,3.1,8.3,13.4,0.81,7.44
1908-02,186.68,1.6,8,14.4,0.61,8.91
1908-03,46.74,1.8,10.7,19.7,0.95,16.18
1908-04,12.36,4.6,13.8,22.9,1.53,20.6
1908-05,39.81,4.8,12.8,20.7,1.14,16.42
1908-06,3.74,7.6,17.3,27.1,1.39,26.76
1908-07,0,11.3,23.7,36.1,1.82,47.7
1908-08,0,9.6,21.9,34.3,1.49,43.46
1908-09,8.55,8.7,19.9,31.1,2.18,36.44
1908-10,50.08,4.8,14.2,23.5,1.4,21.45
1908-11,88.63,3.2,11.4,19.7,1.07,15.59
1908-12,97.4,0.6,6.2,11.8,0.82,7.26
1909-01,844.28,5.6,8.5,11.4,1.29,4.66
1909-02,341.13,3.6,7.8,12,0.7,5.5
1909-03,113.86,2.6,8.9,15.2,0.91,9.9
1909-04,0,4.1,14.2,24.2,1.47,23.35
1909-05,0,5.2,14.9,24.5,1.43,23.33
1909-06,2.9,9.3,18.8,28.2,1.98,28.5
1909-07,0,10.2,20.8,31.5,1.63,35.32
1909-08,0,8.7,21.6,34.5,1.39,44.57
1909-09,23.11,9,19.8,30.6,2.07,34.76
1909-10,68.55,6.8,15.1,23.3,1.84,20.55
1909-11,141.83,4.9,10.1,15.2,1.03,8.68
1909-12,165.86,1.2,6.4,11.6,0.98,6.95
1910-01,200.4,0.6,4.9,9.1,0.87,4.78
1910-02,127.61,2,7.7,13.3,0.99,8.14
1910-03,109.83,5.2,12,18.8,1.24,13.53
1910-04,25.35,5.8,13.8,21.8,1.49,18.04
1910-05,6.2,8.5,17.8,27,2.43,27.04
1910-06,2.54,8.7,18.3,27.9,1.98,28.33
1910-07,0,11.3,23,34.8,2.05,44.24
1910-08,0,9.1,22.4,35.6,2.01,48.15
1910-09,0.55,9.8,20.1,30.4,3.13,34.82
1910-10,27.31,7.6,16.6,25.6,2.1,24.5
1910-11,71.31,4.8,10.7,16.6,1.19,10.74
1910-12,50.52,3,9.1,15.1,1.07,9.79
1911-01,443.76,2.1,6.7,11.4,0.82,5.93
1911-02,115.03,1,6.4,11.9,0.83,7
1911-03,172.51,4.6,11.5,18.4,1.26,13.45
1911-04,75.66,4.8,11.9,19.1,1.75,15.01
1911-05,28.25,5.7,13.6,21.6,1.49,17.79
1911-06,7.4,9.1,18.6,28.2,1.89,28.63
1911-07,0,12.1,23.9,35.7,2.79,46.99
1911-08,0,9.5,21.4,33.3,2.21,41.4
1911-09,0.99,8.2,18.3,28.4,2.37,30.38
1911-10,30.89,5.6,14.9,24.2,1.87,22.75
1911-11,36.43,2.8,11.2,19.7,1.3,16.15
1911-12,80.14,0.4,7.3,14.2,0.98,9.94
1912-01,136.55,3.8,8.6,13.5,1.27,7.78
1912-02,41.68,3.5,10,16.5,1.09,11.14
1912-03,141.08,2.8,8.9,15,1.06,9.73
1912-04,93.44,3.8,10.7,17.6,1.22,12.68
1912-05,53.09,7.6,15.5,23.4,1.88,20
1912-06,18.41,10.6,19.1,27.7,2.42,26.82
1912-07,0,11.3,21.7,32,2.18,36.4
1912-08,0,10.3,21.5,32.8,2.08,39.21
1912-09,82.7,9.8,18.8,27.9,2.77,28.63
1912-10,50.73,4.5,13.2,21.9,1.34,18.76
1912-11,183.74,4.2,10.6,17,1.29,11.68
1912-12,94.27,1.2,7.6,14,1.13,9.56
1913-01,245.33,-0.1,6,12.2,0.83,7.89
1913-02,11.02,1.2,8.9,16.5,0.91,12.2
1913-03,74.28,2.2,9.7,17.2,1.31,13.13
1913-04,55.07,4.2,11.8,19.4,1.4,15.19
1913-05,37.91,7.2,15.8,24.4,1.84,22.06
1913-06,2.16,9.6,18.1,26.6,1.62,24.39
1913-07,4.05,12.9,23,33.1,2.85,38.55
1913-08,0,13.3,24.1,34.9,3.45,44.36
1913-09,0,10.6,21.3,32.1,3.07,38.43
1913-10,0,6.4,16.4,26.5,1.93,26.67
1913-11,222.23,5.3,10.1,15,0.82,7.85
1913-12,357.78,2.1,7,11.9,1.09,6.93
1914-01,533.83,4.2,8.1,12,0.78,5.28
1914-02,229.05,3.3,9.5,15.7,0.98,10.22
1914-03,54.71,5.6,13.6,21.7,1.65,18.27
1914-04,60.21,6.6,12.9,19.2,1.6,13.63
1914-05,22.07,8.1,16.2,24.2,2.18,21.67
1914-06,22.19,9.6,18.7,27.9,1.9,27.42
1914-07,0,11.8,22.6,33.5,2.84,40.77
1914-08,0,10.5,22.1,33.6,2.59,42.02
1914-09,3.37,8.1,17.9,27.6,2.03,28.29
1914-10,62.22,6.4,14.1,21.9,1.39,17.44
1914-11,38.82,2.8,11.5,20.2,1.23,16.84
1914-12,183.54,0.9,5.9,10.9,1.07,6.6
1915-01,371.16,2.3,7.2,12.1,0.95,6.88
1915-02,528.35,4.3,8.3,12.4,0.81,5.65
1915-03,116.79,5.1,12.1,19,1.41,14.06
1915-04,18.11,7,13.5,20,1.76,14.8
1915-05,115.44,7.6,13.3,19.1,1.39,12.47
1915-06,0,8.6,18.5,28.5,1.92,29.58
1915-07,0,11.6,22.2,32.9,2.22,38.62
1915-08,0,11.6,23,34.5,3.08,44.03
1915-09,0,7.3,18.3,29.3,1.73,32.27
1915-10,8.92,5.1,15.6,26.1,1.76,26.48
1915-11,83.68,3.5,9.9,16.3,1.2,11.13
1915-12,211.35,2.8,8,13.3,0.98,7.7
1916-01,459.5,1.3,4.8,8.2,0.76,3.91
1916-02,108.98,5.2,10.7,16.3,1.18,10.13
1916-03,90,4.1,11.5,18.8,1.21,14.09
1916-04,8.62,4.3,13.8,23.3,1.45,21.36
1916-05,13.2,5.1,14,22.9,1.46,20.29
1916-06,7.83,8.2,18.2,28.2,1.68,28.99
1916-07,1.78,11,22.1,33.3,2.25,39.92
1916-08,8.21,10.6,21.8,33,2.39,39.94
1916-09,7.13,8.8,19.3,29.7,2.49,33.05
1916-10,16.05,4,12.9,21.8,1.18,18.88
1916-11,82.36,1.2,9,16.8,1.15,12.86
1916-12,192.28,0.1,6.1,12,0.89,7.64
1917-01,90.94,-1,5.8,12.6,0.82,8.6
1917-02,250.79,1.8,8.9,16.1,1.03,11.46
1917-03,48.45,0.9,8.4,16,1.3,12.34
1917-04,78.61,4.4,12,19.5,1.62,15.41
1917-05,6.44,5.3,13.5,21.7,1.03,17.63
1917-06,0,8.6,19.3,30,1.97,33.13
1917-07,0,11.8,23.5,35.3,2.31,45.36
1917-08,0,11.4,22.3,33.3,2.88,40.69
1917-09,10.8,9.2,19.5,29.7,2.33,32.55
1917-10,0,6.4,18,29.6,2.25,34.3
1917-11,82.84,4.4,11.5,18.6,1.3,13.71
1917-12,84.5,3.3,10,16.6,1.06,11.5
1918-01,52.99,2.2,9.1,15.9,0.79,10.72
1918-02,230.33,1.9,7.9,13.9,0.79,8.52
1918-03,141.67,3.2,10.1,17.1,0.89,11.86
1918-04,32.7,3.9,13.2,22.6,1.51,20.73
1918-05,0.07,4.6,14.7,24.8,1.25,24.03
1918-06,3.24,9.7,20.6,31.5,1.76,35.85
1918-07,0,9.7,21.1,32.5,1.3,38.08
1918-08,0,10.2,21.7,33.2,2.04,40.47
1918-09,78.75,10.4,19,27.5,2.13,26.37
1918-10,27.53,7.6,17.1,26.7,1.74,26.44
1918-11,124.94,3.1,9.8,16.4,1.02,11.19
1918-12,80.66,-0.3,6.1,12.5,0.75,8.14
1919-01,200.47,1.1,7.7,14.3,1.01,9.79
1919-02,336.58,3,7.7,12.3,0.81,6.29
1919-03,132.06,3.1,9,14.9,1.13,9.59
1919-04,38.65,5.8,12.2,18.6,1.96,13.73
1919-05,3.73,7.8,15.7,23.6,2.4,20.89
1919-06,0,8.3,19,29.6,2.05,32.6
1919-07,0,10.1,21.8,33.5,1.6,40.73
1919-08,0,10.1,22,33.9,2.25,42.87
1919-09,32.89,8.8,18.1,27.5,2.2,27.69
1919-10,13.89,3.3,14,24.7,1.23,24.29
1919-11,20.67,0.8,9.7,18.6,0.87,14.98
1919-12,156.63,1.2,6.6,12.1,1.15,7.67
1920-01,14.78,1.6,9.4,17.2,0.95,12.94
1920-02,45.03,0.7,8.6,16.6,0.77,12.3
1920-03,153.51,1.9,8.9,15.8,0.93,10.94
1920-04,114.92,3.7,10.8,17.9,1.49,13.37
1920-05,0,6.9,16.8,26.7,2.41,27.82
1920-06,10.15,10.4,19.5,28.7,2.69,29.63
1920-07,3.32,10.8,21.2,31.6,2.44,36.04
1920-08,1.26,10.8,22.5,34.1,2.23,42.61
1920-09,10.56,8.7,18.4,28.1,2.22,29.24
1920-10,101.78,5.8,13.3,20.8,1.49,16.45
1920-11,347.63,4.4,9.6,14.8,1.16,8.71
1920-12,298.72,2.8,7.4,11.9,0.99,6.34
1921-01,355.54,2.3,6.8,11.2,0.84,5.68
1921-02,75.99,2.8,9.5,16.1,0.97,10.85
1921-03,80.01,5.2,11.2,17.2,1.5,11.69
1921-04,17.88,4,11.8,19.6,1.55,15.77
1921-05,32.93,6.1,14.1,22.1,1.18,18.02
1921-06,2.13,10.3,19.5,28.7,2.39,29.39
1921-07,0,11.3,23,34.6,2.54,44.04
1921-08,0,9.7,21.2,32.8,2,39.58
1921-09,4.95,9,19.5,30.1,3.03,34.57
1921-10,34.37,7.6,16.5,25.5,2.33,24.72
1921-11,76.66,4,11.7,19.4,1.37,15.28
1921-12,182.66,2.5,8.3,14.1,0.94,8.77
1922-01,46.18,-1.3,5.7,12.6,0.8,8.78
1922-02,271.66,1.7,7,12.4,0.8,7.11
1922-03,112.04,2,8.4,14.7,1.04,9.82
1922-04,18.16,2.8,11.8,20.6,1.52,18.04
1922-05,15.1,7,16.1,25.1,1.91,23.75
1922-06,5.1,9.9,20.1,30.3,2.35,33.52
1922-07,0,11.7,23.6,35.4,2.55,46.36
1922-08,0,10.4,21.5,32.7,2,38.67
1922-09,0,9.8,22,34.2,3.02,44.76
1922-10,120.41,6.7,14.4,22.1,1.58,18.05
1922-11,145.37,1.9,9,16.1,1.07,11.57
1922-12,274.24,2.9,7.3,11.6,0.96,5.92
1923-01,119.19,1.2,6.3,11.4,0.65,6.2
1923-02,39.07,0.5,8.8,17.1,1.01,13.39
1923-03,3.56,2.1,11.2,20.4,1.21,17.52
1923-04,156.77,4.8,11.5,18.2,1.19,12.81
1923-05,5.9,6.5,15.2,23.9,1.58,21.36
1923-06,8.03,7.6,16.4,25.1,0.82,22.05
1923-07,0,10.6,21.6,32.5,1.82,37.95
1923-08,1.41,11.3,21.5,31.8,2.72,36.37
1923-09,77.15,10,20.1,30.1,2.34,33.07
1923-10,27.96,6.3,14.3,22.3,1.63,18.67
1923-11,27.55,4.1,12.5,20.9,1.24,17.16
1923-12,48.72,0.4,6.8,13.2,0.84,8.7
1924-01,127.44,-0.4,6.6,13.7,0.95,9.75
1924-02,122.16,4.1,11,17.8,0.95,12.3
1924-03,29.49,2,9.4,16.7,1.12,12.41
1924-04,8.34,4.4,14.2,24,1.68,23.14
1924-05,4.74,7.4,17.7,27.9,2,29.59
1924-06,0,8.9,19.2,29.4,2.11,31.67
1924-07,0,10.4,22.3,34.2,2.11,43.07
1924-08,0,9.6,22.1,34.6,2.03,44.89
1924-09,0,7.7,20.1,32.5,2.09,40.66
1924-10,207.83,6.6,13.8,21.1,1.52,16.34
1924-11,81.05,3.7,10.1,16.4,1.36,11.35
1924-12,224.38,0.5,6.1,11.6,1.04,7.36
1925-01,85.91,2.5,8.2,13.8,0.95,8.35
1925-02,400.76,4.9,9.8,14.7,1.04,8.18
1925-03,96.41,2.8,10.7,18.6,1.15,14.43
1925-04,103.24,6.2,13,19.8,1.37,14.65
1925-05,136.02,8.9,16,23.1,2.06,18.81
1925-06,0.81,9.9,20.2,30.5,1.86,33.57
1925-07,0,12.5,23.2,33.8,2.77,40.97
1925-08,1.1,10.4,21.2,32,2.06,37.03
1925-09,31.97,8.6,17.4,26.2,2.26,25.21
1925-10,4.15,5.2,15.4,25.5,1.48,25.34
1925-11,87.33,2.7,9.8,17,0.86,11.91
1925-12,58.98,1.7,9,16.3,0.67,11.34
1926-01,226.31,0.3,6.9,13.6,0.72,9.02
1926-02,235.36,4.5,10.3,16.1,0.85,9.72
1926-03,3.59,4.8,14,23.1,1.42,21.17
1926-04,164.59,8.4,15.7,23,1.53,18.52
1926-05,11.89,8,16.8,25.5,2.15,24.09
1926-06,0,10.5,21.8,33.2,2.78,41.11
1926-07,0,12,23.6,35.2,2.81,45.23
1926-08,0,10.1,21.9,33.7,2.09,41.8
1926-09,0,7.2,18,28.9,2.21,32.06
1926-10,59.56,7.7,16.4,25.1,2.18,23.59
1926-11,358.82,7,13.1,19.2,1.44,13.02
1926-12,119.05,1.7,7.5,13.2,0.85,8.13
1927-01,225.84,3.9,8.4,12.8,1.26,7
1927-02,367.05,4.5,9,13.5,0.71,6.66
1927-03,85.66,3.5,10.5,17.4,1.26,12.67
1927-04,84.36,4.5,12.5,20.5,1.54,16.81
1927-05,15.12,6.2,15.1,24.1,1.59,21.85
1927-06,11.4,10.2,20.1,30,2.47,32.57
1927-07,0,11.4,23.2,34.9,2.56,44.96
1927-08,0,10,21.5,33,2.22,40.41
1927-09,0,8.7,18,27.4,2.27,27.66
1927-10,43.43,6.7,16.1,25.6,1.7,24.55
1927-11,165.58,6.3,11.7,17.2,1.13,10.4
1927-12,132.36,1,7.1,13.2,0.96,8.64
1928-01,111.4,2.8,8,13.3,1.1,7.96
1928-02,136.4,3,9.6,16.2,1.13,11.28
1928-03,221.42,6.2,11.9,17.6,1.36,11.45
1928-04,74.98,4.8,12.2,19.5,1.6,15.34
1928-05,6.43,8.4,17.5,26.7,2.33,26.59
1928-06,0,9.9,19.7,29.4,2.45,31.32
1928-07,0,11.2,23,34.8,2.43,44.69
1928-08,0,10.2,22.4,34.6,2.66,45.07
1928-09,0.02,8.5,19.8,31.1,2.63,36.97
1928-10,16.87,6.3,15.2,24,2,22.24
1928-11,153.05,3.6,10.4,17.2,1.06,12.04
1928-12,133.66,0.7,6.8,12.8,1.07,8.6
1929-01,55.86,0.3,6.4,12.6,0.95,8.37
1929-02,94.21,-0.1,7.9,15.9,1.01,12.23
1929-03,58.08,2.9,10.5,18.1,1.24,13.81
1929-04,52.18,2.9,10.4,17.9,1.35,13.8
1929-05,0,6.2,16.1,26,1.79,26.02
1929-06,41.52,10.1,19.2,28.3,1.99,28.02
1929-07,0,11.1,21.9,32.7,2.48,38.48
1929-08,0,10.3,22.4,34.6,2.26,44.59
1929-09,0,8.1,19.7,31.2,2.58,37.63
1929-10,1.27,6.3,17.2,28.1,2.11,30.86
1929-11,0,1,11.9,22.8,1.27,21.88
1929-12,316.5,4.8,10.6,16.4,1.43,10.95
1930-01,155.4,1.9,6.7,11.6,1.3,7.32
1930-02,140.35,4.1,11.1,18.1,1.02,12.92
1930-03,82.65,4,12.2,20.5,1.34,16.97
1930-04,70.57,5.6,13,20.4,1.49,15.91
1930-05,14.83,5.4,13.7,21.9,1.19,18.14
1930-06,0,9.3,19.8,30.2,2.49,33.93
1930-07,0,11.1,22.3,33.5,2.46,41.01
1930-08,0,10.7,22.1,33.4,2.23,40.84
1930-09,15.82,9.6,18.4,27.2,2.71,27.03
1930-10,17.83,6,16.3,26.5,1.91,27.25
1930-11,59.15,3.3,11.7,20.2,1.44,16.84
1930-12,32.85,-0.6,7.1,14.8,0.96,11
1931-01,207.65,2.4,8.4,14.5,0.94,9.37
1931-02,58.22,4.7,10.5,16.3,1.01,10.33
1931-03,76.51,4.4,12.2,20,1.56,16.14
1931-04,16.6,5.4,14.3,23.2,1.61,20.83
1931-05,46.48,9.8,18.9,28.1,2.83,28.98
1931-06,33.34,10.9,19.2,27.5,2.48,26.36
1931-07,0,12.6,25,37.4,2.81,51.69
1931-08,0,11,23.3,35.6,2.48,47.42
1931-09,0,8.5,19,29.4,2.21,32.48
1931-10,70.71,6.2,15.6,25,1.83,24.02
1931-11,73.13,2.3,9.8,17.4,1,12.89
1931-12,314.98,1.6,6.4,11.2,0.9,6.28
1932-01,107.41,1,7,13,0.87,8.24
1932-02,56.64,1.4,8.4,15.5,0.79,10.73
1932-03,27.62,5.3,12.6,20,1.72,15.96
1932-04,63.33,3.9,11.5,19.2,1.38,15.04
1932-05,49.72,8.2,15.8,23.4,2.11,19.92
1932-06,0.48,10.8,20.6,30.3,2.93,33.52
1932-07,0,11.8,22.4,33.1,2.97,39.57
1932-08,0,10.8,22.5,34.3,2.66,43.73
1932-09,0,9.9,22.6,35.2,3.34,48.52
1932-10,0.75,6.2,16.8,27.5,1.86,29.44
1932-11,63.27,4.8,13.1,21.4,1.31,17.71
1932-12,123.66,-0.4,5.6,11.6,0.99,7.86
1933-01,219.19,0.2,5.9,11.6,0.74,7.03
1933-02,42.31,0.2,7.4,14.7,1.11,10.83
1933-03,140.87,4.8,10.6,16.4,1.7,11.23
1933-04,3.72,4.3,13,21.7,1.71,19.16
1933-05,65.06,5.8,12.8,19.8,1.55,14.98
1933-06,0,9.2,18.2,27.2,2.16,26.57
1933-07,0,11.9,24,36.1,2.57,47.74
1933-08,0,11.2,23,34.7,2.72,44.64
1933-09,5.49,8.8,18.8,28.9,2.78,31.5
1933-10,81.33,8.2,19,29.9,2.4,34.1
1933-11,9.76,3.1,12.4,21.8,1.33,19.33
1933-12,264.58,3.4,8,12.7,1.13,7.02
1934-01,63.51,3.7,9.9,16.1,0.97,10.45
1934-02,153.02,4.9,10.3,15.7,0.96,9.17
1934-03,51.56,6.9,14.9,22.9,1.84,19.77
1934-04,32.56,6.5,15.2,24,1.78,21.91
1934-05,38.2,8.5,16.9,25.2,2.04,23.05
1934-06,21.27,10.6,19.1,27.6,2.54,26.85
1934-07,0,11.1,22.2,33.3,2.21,40.1
1934-08,0,11.7,23,34.2,2.98,42.91
1934-09,4.29,9.4,21,32.6,2.84,40.52
1934-10,72.82,7.4,16,24.6,1.8,22.25
1934-11,206.62,6.4,11.7,17,1.08,10.01
1934-12,87.79,2.4,8.5,14.7,0.78,9.14
1935-01,248.33,1.7,7.1,12.4,0.76,7.1
1935-02,79.97,3.2,9.4,15.7,0.89,10.19
1935-03,168.73,1.7,8.4,15,1.11,10.46
1935-04,135.88,6.3,12.4,18.4,1.56,12.69
1935-05,1.05,7,16.1,25.2,2.01,24.16
1935-06,0,10.7,20.6,30.5,2.97,33.85
1935-07,0,10.9,21.8,32.6,2.03,38.2
1935-08,1.93,10.8,22.8,34.9,2.36,45.12
1935-09,13.68,9.9,20.9,31.9,3.12,38.5
1935-10,48.94,6.7,15.6,24.5,1.93,22.88
1935-11,50.6,2.2,9.7,17.2,1.23,12.97
1935-12,109.04,1.8,8,14.2,1.1,9.47
1936-01,307.85,3.9,9.1,14.3,1.05,8.26
1936-02,323.96,3.9,8.8,13.6,1.27,7.91
1936-03,43.6,3.9,12.3,20.7,1.4,17.26
1936-04,68.19,6.1,13.6,21.1,1.61,17.03
1936-05,25.76,8.5,17,25.4,2.03,23.18
1936-06,48.8,10.6,18.9,27.2,1.88,25.33
1936-07,1.9,12.5,23.2,34,2.43,40.58
1936-08,0,11.9,23.3,34.8,2.8,44.15
1936-09,0,9,20.8,32.7,2.51,40.55
1936-10,8.25,6.8,17.4,28,1.81,30.04
1936-11,1.92,0.8,11.6,22.4,1.01,20.69
1936-12,76.8,0.5,7.5,14.4,0.66,9.42
1937-01,139.06,-2,3.2,8.4,0.95,5.45
1937-02,293.15,1.6,6.9,12.2,0.84,6.99
1937-03,187.58,4.8,10.6,16.4,1.19,10.47
1937-04,55.58,4.6,11.5,18.4,1.46,13.58
1937-05,4.24,7.4,16.5,25.5,2.11,24.32
1937-06,41.22,11,19.2,27.3,2.47,24.99
1937-07,0.48,12.6,23.4,34.2,2.91,41.25
1937-08,0,10.8,22.5,34.3,2.34,43.27
1937-09,0,9.6,20.3,31,2.87,36.05
1937-10,65.97,7.9,16.6,25.4,2.18,23.93
1937-11,298.13,6.2,11.8,17.4,1.26,11.12
1937-12,240.47,2.9,9.2,15.5,0.93,10.04
1938-01,152.7,2.6,8.8,14.9,0.91,9.54
1938-02,382.05,3.8,8.4,13,0.94,6.93
1938-03,280.37,4.3,9.1,13.9,1.06,7.73
1938-04,69.79,5.2,12.3,19.5,1.35,14.63
1938-05,6.25,7.5,16.5,25.5,2.07,24.3
1938-06,0,10.6,20.8,30.9,2.7,34.79
1938-07,0,12.4,23.3,34.1,2.83,41.59
1938-08,0,10.1,21.6,33.1,2.16,40.05
1938-09,19.55,10.3,20.4,30.5,2.75,33.74
1938-10,78.1,7.5,15.3,23,2.04,19.55
1938-11,67.64,1.6,9.8,17.9,1.21,14.15
1938-12,93.12,3,9.1,15.3,0.95,9.91
1939-01,132.13,1.4,7.9,14.4,0.67,9.21
1939-02,75.7,0.7,7.5,14.4,0.93,9.97
1939-03,74.97,4.2,11,17.9,1.3,12.9
1939-04,4.15,5.4,14.9,24.5,1.36,22.62
1939-05,45.22,7.3,16.2,25,1.76,22.49
1939-06,0.02,9.2,19.2,29.3,2.11,30.53
1939-07,0,11.6,22.6,33.7,2.4,40.44
1939-08,0,10.7,22.5,34.2,2.33,42.46
1939-09,4.14,10.6,21.2,31.9,2.85,37.34
1939-10,10.77,6.2,16.5,26.8,1.61,27.34
1939-11,14.81,2.1,12,22,0.91,19.4
1939-12,153.04,3.6,9.2,14.8,1.05,8.99
1940-01,330.34,4.4,9,13.6,1.07,7.28
1940-02,444.24,5.8,10.3,14.7,1.15,7.67
1940-03,200.92,5.4,12.2,19,1.4,13.83
1940-04,35.03,6.2,13.6,20.9,1.54,16.21
1940-05,45.59,8.4,17.2,26.1,2.11,24.58
1940-06,3.54,11.3,21.4,31.4,3.04,35.32
1940-07,0,11.1,21.7,32.3,2.33,36.97
1940-08,0,11,22.6,34.2,2.71,42.53
1940-09,24.81,10.6,19,27.3,2.89,26.15
1940-10,61.85,7.2,16.1,25,1.69,22.96
1940-11,76.5,3.6,10.5,17.3,1.18,12.2
1940-12,392.23,4.1,9.8,15.5,1.3,9.78
1941-01,326.8,4,8.9,13.8,0.75,7.08
1941-02,310.66,5.4,10.2,14.9,0.91,7.86
1941-03,194.73,4.8,12.1,19.4,1.18,14.48
1941-04,172.96,5.2,12.2,19.2,1.23,13.76
1941-05,46.72,8.7,16.2,23.8,1.87,19.74
1941-06,22.44,9.6,17.8,26,1.94,23
1941-07,0,13,23.7,34.3,3.22,42.37
1941-08,0.07,11.3,21.3,31.2,2.14,33.81
1941-09,3.17,8.6,19.1,29.6,2.65,33.29
1941-10,44.25,6.5,15.6,24.7,2.16,23.47
1941-11,108.5,5.3,11.9,18.5,1.26,12.47
1941-12,355.98,4.5,8.7,12.9,1.01,6.62
1942-01,214.61,2.6,8.1,13.6,1.02,8.29
1942-02,260.91,2.3,8.5,14.8,0.84,8.83
1942-03,76.42,1.8,10.1,18.5,1.16,14.31
1942-04,186.25,5.3,11.8,18.4,1.11,12.44
1942-05,68.35,6.4,13.9,21.4,1.34,16.52
1942-06,0,9.4,18.6,27.9,2.41,27.84
1942-07,0,12.6,23.5,34.4,3.28,42.55
1942-08,0,11.2,22.9,34.6,3.08,43.75
1942-09,1.72,9.4,20.3,31.2,3.21,35.82
1942-10,30.35,7.1,16.9,26.7,2.78,26.78
1942-11,176.91,3.9,10.8,17.7,1.14,12.01
1942-12,192.2,3.5,8.6,13.8,1.05,7.82
1943-01,329.86,1.5,8.1,14.6,0.91,9.09
1943-02,74.77,3.1,10.1,17.1,0.88,11.6
1943-03,105.13,5.3,11.7,18.2,1.18,11.97
1943-04,87.89,6.3,13.3,20.3,1.49,14.68
1943-05,9.94,7.3,16.5,25.7,2.18,24.27
1943-06,11.62,8.7,17.4,26,1.97,23.71
1943-07,0,11.8,22.4,33,2.77,37.91
1943-08,0,10.3,21.2,32.2,2.86,36.87
1943-09,0,10.9,22.1,33.4,3.86,41.9
1943-10,33.56,7.7,15.7,23.8,2.22,20.45
1943-11,47.63,4,11.9,19.9,1.26,15.15
1943-12,81.04,2.2,8.6,15,1.01,9.7
1944-01,172.18,1.6,7.4,13.2,0.66,7.66
1944-02,168.47,2.4,8.7,15,0.77,9.58
1944-03,91.62,3.2,11.6,20,1.53,16.24
1944-04,71.3,4.1,11,17.8,1.14,12.2
1944-05,34.88,7.2,16,24.9,1.7,22.52
1944-06,15.41,9.7,17.7,25.8,1.89,22.34
1944-07,0,11.4,22.2,33,2.32,38.17
1944-08,0,10.2,22.2,34.1,3.03,42.87
1944-09,0,10.2,21.9,33.6,3.98,43.32
1944-10,66.38,7.6,17.1,26.6,1.74,24.91
1944-11,219.56,4.5,10.1,15.7,0.84,8.9
1944-12,150.67,3.7,9.1,14.6,0.95,8.16
1945-01,46.79,1.9,8.2,14.6,0.73,8.72
1945-02,163.83,3.7,10.1,16.6,1.04,10.67
1945-03,145,2.2,8.6,14.9,0.83,9.56
1945-04,13.73,4.7,13.5,22.2,1.83,19.65
1945-05,44.7,7.6,15.1,22.5,1.54,17.69
1945-06,0,10.3,20,29.7,2.98,32.21
1945-07,0,12.2,23.7,35.1,2.44,43.97
1945-08,0,10.5,21.9,33.3,2.66,40.76
1945-09,1.7,9.5,21.2,32.9,3.3,41.51
1945-10,171.45,8.5,17.1,25.7,2.07,23.51
1945-11,175.63,5.7,10.9,16.1,0.89,8.97
1945-12,358.94,3.6,7.9,12.2,0.97,6.02
1946-01,80.67,1,7.5,14,0.77,8.96
1946-02,97.16,0.6,7,13.4,0.68,8.44
1946-03,59.76,3.5,10,16.5,1.1,11.33
1946-04,10.45,4.5,13,21.5,1.27,18.06
1946-05,10.28,6.8,15.8,24.7,1.62,22.44
1946-06,0,8.9,17.9,26.8,2.12,25.5
1946-07,2.66,12.4,22.5,32.5,2.89,36.34
1946-08,0,10.8,22.6,34.5,2.88,43.92
1946-09,5.75,8.9,20,31.1,2.86,36.33
1946-10,13.3,5.5,14.7,23.9,1.71,22.06
1946-11,159.31,2.7,9.7,16.6,1.01,11.41
1946-12,89.45,3.2,8.5,13.8,0.69,7.71
1947-01,39.73,-1.2,6.6,14.3,0.57,10.26
1947-02,121.44,3.7,10.6,17.5,0.74,11.79
1947-03,163.63,5.4,12.2,18.9,1.16,13.39
1947-04,28.14,6.2,14.8,23.3,1.66,20.59
1947-05,7.95,8.4,18.2,28,2.02,28.92
1947-06,44.56,11,19.2,27.4,2.45,25.5
1947-07,0,10.6,20.2,29.8,2.11,30.44
1947-08,0,10.8,21.2,31.6,2.86,35.06
1947-09,0,9.9,21.8,33.7,3.67,42.95
1947-10,163.37,8.9,16.2,23.5,1.77,18.94
1947-11,29.51,2.4,10,17.6,0.92,12.35
1947-12,46.86,1.2,7.6,13.9,0.67,8.53
1948-01,108.03,1.1,9.1,17,0.86,11.93
1948-02,87.92,0.5,7.5,14.5,0.71,10.22
1948-03,143.5,1.6,8.2,14.7,0.62,9.9
1948-04,245.92,4,10.1,16.2,0.66,10.4
1948-05,30.2,5.7,13.6,21.4,0.66,16.15
1948-06,8.48,10.6,19.3,28,1.38,25.49
1948-07,0,11.1,21.4,31.7,2,34.28
1948-08,0,10.6,21.5,32.4,2.13,36.35
1948-09,15.57,9.8,20.3,30.9,3.9,35.95
1948-10,31.3,7.1,16.6,26.1,1.88,24.5
1948-11,60.98,2.8,10.3,17.9,1.33,13.08
1948-12,157.21,0.3,5.2,10.2,0.51,5.85
1949-01,45.2,-3.8,3.6,11,0.74,9.23
1949-02,137.14,0.6,6.4,12.3,0.56,7.41
1949-03,262.56,5,9.7,14.4,0.93,8.24
1949-04,2.33,5.4,14.8,24.3,1.22,22.23
1949-05,13.28,7.7,16.2,24.6,1.05,21.65
1949-06,1.51,10.1,20.6,31.1,2.47,34.72
1949-07,2.44,10.7,22.2,33.6,2.09,40.86
1949-08,2.6,10.6,20.9,31.2,1.86,33.81
1949-09,8.74,11,21.5,32,3.57,37.7
1949-10,5.33,5.4,15.8,26.2,1.61,25.41
1949-11,73.74,5.5,13.7,21.9,1.31,16.42
1949-12,69.09,0.1,6.8,13.5,0.36,7.61
1950-01,261.15,-0.2,4.7,9.6,0.29,4.38
1950-02,152.98,1.9,8.7,15.5,0.37,8.63
1950-03,120.01,3,9.6,16.1,0.57,9.74
1950-04,46.9,4.9,14.1,23.2,0.9,19.29
1950-05,26.7,6.9,16.6,26.2,1.19,23.87
1950-06,4.78,9.3,18.8,28.2,1.64,26.25
1950-07,0,12.7,24.2,35.7,2.78,44.63
1950-08,0,11.4,23.3,35.1,2.83,43.99
1950-09,3.8,10.8,20.9,30.9,2.63,33.52
1950-10,181.2,8.4,16.1,23.9,1.31,18.45
1950-11,171.68,6.9,13.1,19.3,0.49,10.47
1950-12,224.09,5.5,9.7,13.9,0.25,4.73
1951-01,217.77,2.5,7.3,12.2,0.28,5.06
1951-02,138.66,3.1,8.6,14.1,0.29,7.14
1951-03,51.45,2.5,10.3,18.2,0.9,14.04
1951-04,40.68,5.7,13.8,21.8,0.8,16.22
1951-05,61.33,8.2,16.5,24.9,1.37,20.59
1951-06,0,10,20,30.1,2,29.8
1951-07,0,10.9,22.2,33.5,2.69,39.74
1951-08,0.5,11.4,22.8,34.2,2.72,40.99
1951-09,0.24,10.7,21.6,32.6,2.7,37.03
1951-10,69.23,7.3,15.7,24.2,1.13,19.57
1951-11,182.32,5.1,11,16.9,0.59,9.81
1951-12,354.66,2.4,7.2,12,0.44,5.82
1952-01,294.02,1.4,5.2,9.1,0.31,4.29
1952-02,138.33,3.1,8.4,13.8,0.41,7.15
1952-03,132.1,2.7,8.8,14.8,0.79,9.91
1952-04,21.68,5.6,13.7,21.9,1.01,17.04
1952-05,14.48,8,17.2,26.4,1.66,24.49
1952-06,50.4,9.2,17.5,25.8,1.49,20.94
1952-07,0.59,13.4,24.1,34.8,3.42,39.77
1952-08,0,11.1,22.5,33.9,2.88,40.31
1952-09,0,11,22,33.1,3.48,38.75
1952-10,3.31,8.4,18.3,28.2,1.94,27.05
1952-11,82.28,2.1,10,18,0.97,13.78
1952-12,433.63,4.1,7.6,11.1,0.36,4.3
1953-01,304.09,5.1,9.4,13.8,0.38,5.46
1953-02,7,2.3,9.9,17.4,0.71,11.64
1953-03,129.39,2.8,10.1,17.3,0.77,11.72
1953-04,97.02,4.8,12.7,20.5,0.86,15.5
1953-05,36.71,5.9,13.5,21,0.95,14.37
1953-06,22.21,8.8,17.3,25.8,1.76,21.43
1953-07,0,12,23.5,35,3.28,41.37
1953-08,8.8,11.7,21.2,30.8,2.08,29.27
1953-09,0,12,22.4,32.8,2.19,35.2
1953-10,46.63,6.1,15.5,24.9,1.47,23.18
1953-11,162.77,6.2,11.5,16.7,0.56,8.44
1953-12,47.36,2.9,8.9,14.9,0.65,8.28
1954-01,307.32,2.3,7.4,12.5,0.45,5.68
1954-02,144.88,2.9,10.2,17.5,0.44,10.79
1954-03,155.63,3,9.4,15.7,0.59,9.68
1954-04,92.33,6.8,14.7,22.5,0.94,17.02
1954-05,1.92,7.5,16.8,26.2,1.48,23.58
1954-06,25.64,9.7,18.2,26.7,2.08,24.78
1954-07,0,11.6,22.8,34.1,3.01,40.19
1954-08,36.73,10.5,20.3,30.2,1.69,30.64
1954-09,2.9,9,19.4,29.9,1.75,30.75
1954-10,25.82,5.9,15.3,24.7,1.32,21.4
1954-11,166.85,4.8,11,17.2,0.62,9.84
1954-12,174.49,1.5,6.6,11.6,0.37,5.62
1955-01,103.95,-0.1,5.8,11.6,0.32,6.09
1955-02,56.38,0.8,8.1,15.4,0.55,10.03
1955-03,21.1,1.6,10.1,18.5,0.93,13.99
1955-04,126.79,3.1,10,16.9,0.83,11.14
1955-05,0,7.3,16.5,25.7,1.63,23.06
1955-06,0,9.4,19.1,28.8,1.85,26.75
1955-07,0,10.7,21,31.4,2.55,32.92
1955-08,0,9.9,22.8,35.7,2.55,45.97
1955-09,11.97,9.3,21.3,33.3,2.99,41.19
1955-10,15.35,7.1,16.8,26.5,1.46,23.71
1955-11,111.51,4,10.5,17,0.92,11.54
1955-12,542.92,5.3,9,12.7,0.54,5.38
1956-01,380.34,4.7,8,11.3,0.29,3.94
1956-02,265.18,0.5,7,13.6,0.55,8.59
1956-03,16.46,2.9,10.6,18.2,1.15,13.26
1956-04,49.96,5.2,13,20.8,1.07,16.18
1956-05,26.16,7.5,16,24.5,1.27,19.98
1956-06,3.17,9.7,19.3,28.9,2.42,28.75
1956-07,0,12.2,22.6,32.9,2.72,37.05
1956-08,0,10.6,21.4,32.1,1.98,33.21
1956-09,0.92,9.1,20.2,31.3,1.71,31.63
1956-10,98.56,6.9,15.5,24.2,1.31,20.07
1956-11,6.45,2.5,11.5,20.4,0.76,15.96
1956-12,19.52,-0.6,7.6,15.7,0.45,10.48
1957-01,181.55,-0.7,5.4,11.5,0.44,6.49
1957-02,233.31,4.1,9.5,14.9,0.42,7.35
1957-03,117.23,5.1,10.7,16.3,0.63,8.73
1957-04,77.7,5.6,13.4,21.1,0.91,15.85
1957-05,108.64,8,15.1,22.2,0.97,14.4
1957-06,0,11.8,21.4,31,2.44,31.68
1957-07,0,12.6,22.6,32.7,3,35.36
1957-08,0,10.6,21.3,32.1,2.09,34.66
1957-09,118.28,10.6,20.8,30.9,2.16,32.83
1957-10,174.14,7.9,14.5,21.1,0.71,13.34
1957-11,48.9,3.7,10.4,17.2,0.64,10.71
1957-12,151.11,2.6,7.8,12.9,0.41,6.6
1958-01,234.51,2.2,7.9,13.6,0.22,6.46
1958-02,548.96,7.1,10.8,14.4,0.52,5.06
1958-03,214.17,2.5,8.5,14.6,0.62,9.15
1958-04,166.53,5.1,12.5,20,0.88,15.2
1958-05,12.55,8.5,17.3,26.2,1.3,22.93
1958-06,26.95,11.6,19.2,26.8,1.37,21.96
1958-07,4.43,13.2,23.1,33,2.35,34.91
1958-08,0,13.5,24.8,36,3.13,44.56
1958-09,0.37,10.8,21.9,32.9,3.28,39.28
1958-10,7.44,7.8,18.6,29.3,2.43,31.86
1958-11,34.22,4.7,12,19.3,0.82,12.18
1958-12,50.36,3.1,10.6,18.1,0.71,11.19
1959-01,330.53,3.5,8.9,14.4,0.46,7.32
1959-02,238.86,2.1,8.3,14.4,0.56,9.21
1959-03,46.23,3.9,12.2,20.5,1.14,16.56
1959-04,15.78,6,15.3,24.5,1.3,20.74
1959-05,2.01,6.8,15,23.2,1.57,19
1959-06,0,10.9,20,29,3.04,29.73
1959-07,0,12.6,24.3,35.9,3.67,46.13
1959-08,0.57,11.5,22.7,33.9,2.89,41.68
1959-09,64.66,10.2,19.6,28.9,2.11,28.86
1959-10,1.65,8.8,18.1,27.5,2.28,27.27
1959-11,1.52,1.9,12,22.1,1.49,19.58
1959-12,58.06,0.8,8.4,16.1,1.07,11.12
1960-01,195.59,2.4,6.9,11.4,0.52,5.68
1960-02,299.44,2.9,9,15,0.51,8.45
1960-03,158.87,5.6,11.7,17.9,0.89,11.48
1960-04,48.55,5.3,12.1,18.9,0.7,12.13
1960-05,46.89,7.2,14.5,21.8,1.25,15.17
1960-06,0,12.2,22.5,32.8,2.61,35.67
1960-07,0,12.7,24.2,35.7,3.23,44.69
1960-08,0,11,22.6,34.2,2.13,41.75
1960-09,0,9.7,21.2,32.8,2.29,40.13
1960-10,26.17,7.4,16.1,24.9,1.85,22.02
1960-11,170.89,4.5,10.3,16,0.89,9.87
1960-12,178.58,2.8,8.5,14.1,0.68,7.28
1961-01,125.02,1.9,8,14.2,0.6,7.66
1961-02,130.44,4.8,10.2,15.6,0.87,8.19
1961-03,166.24,3.9,9.6,15.3,0.99,9.02
1961-04,58.66,5.1,13.4,21.6,1.35,16.72
1961-05,21.54,7.1,13.8,20.5,1.16,12.9
1961-06,0.04,11.8,21.4,31.1,2.56,34.04
1961-07,0,12.1,23.7,35.2,4.24,45.97
1961-08,2.24,13.1,23.5,33.9,3.68,40.19
1961-09,7.04,9.4,19.9,30.4,2.71,34.02
1961-10,19.38,6.9,16.4,25.9,2.1,26.3
1961-11,189.39,3.2,10.5,17.9,0.82,12.9
1961-12,100.69,2,7.5,13,0.37,6.34
1962-01,52.09,0.4,8.1,15.8,0.63,10.55
1962-02,315.05,3,8.5,13.9,0.42,7.3
1962-03,153.12,3,8.7,14.5,0.85,8.82
1962-04,17.83,5.7,14.4,23.2,1.43,19.93
1962-05,14.34,6.6,14.1,21.6,1.14,17.04
1962-06,0,9.6,19.5,29.4,2.51,31
1962-07,0,11.4,22.5,33.7,3.1,40.77
1962-08,5.7,11.9,22.1,32.3,2.59,37.22
1962-09,16.36,10.1,20.8,31.5,2.15,34.9
1962-10,257.42,8.5,15.7,22.9,0.78,16.23
1962-11,62.72,5.3,11.9,18.5,0.62,11.11
1962-12,128.33,3.3,8.9,14.5,0.36,6.78
1963-01,134.63,-1.1,6.4,13.9,0.35,8.35
1963-02,151.5,7.3,12.6,17.9,0.61,8.5
1963-03,196.16,2.8,9.3,15.8,0.79,9.61
1963-04,217.26,4.3,9.8,15.3,0.83,8.27
1963-05,24.33,8.7,16,23.3,1.45,16.39
1963-06,0,10.2,19.3,28.3,2.46,27.02
1963-07,0,10.5,20.9,31.3,2.47,35.24
1963-08,0,11.1,21.8,32.6,3.43,38.7
1963-09,2.87,11.2,21.3,31.3,3.17,35.61
1963-10,96.11,8.9,16.1,23.4,1.58,18.47
1963-11,225.7,5,10.3,15.5,0.51,7.26
1963-12,38.11,1.5,7.2,12.9,0.3,6.11
1964-01,183.5,1,6.7,12.3,0.45,5.87
1964-02,8.65,0.3,9.2,18.2,0.58,13.32
1964-03,73.27,1.5,9.2,16.8,0.55,11.57
1964-04,13.39,3.2,12,20.8,0.84,16.05
1964-05,25.42,5.4,13.8,22.2,1.44,19.12
1964-06,13.32,9.8,18.4,27,2.93,28.67
1964-07,2.01,11.7,22.4,33.1,4.19,43.08
1964-08,0,11.6,22.7,33.8,3.04,42.08
1964-09,0,8.5,19.7,30.8,2.89,36.07
1964-10,70.54,8,17.7,27.4,1.44,26.53
1964-11,236.62,3.9,9.3,14.7,1.11,8.21
1964-12,454.27,4.8,8.8,12.9,1.27,6.04
1965-01,250.72,2.9,8,13.1,0.7,7.05
1965-02,37.15,1.4,9.1,16.8,0.84,12.3
1965-03,45.34,3.4,10.6,17.7,1.14,12.72
1965-04,151.71,6.4,12.4,18.3,1.24,12.27
1965-05,0,6.3,15.1,23.9,1.86,22.04
1965-06,0,9.3,18,26.7,2.07,25.05
1965-07,0.43,11.3,22.1,32.9,2.72,38.67
1965-08,15.63,12.6,22.5,32.3,2.63,36.21
1965-09,0,8.3,18.6,29,2.8,32.41
1965-10,5.13,7.3,17.8,28.4,2.45,30.78
1965-11,284.55,6.2,11.2,16.1,1.15,8.94
1965-12,132.94,0.3,5.9,11.6,0.73,7.07
1966-01,238.89,1,7.1,13.2,0.71,8.1
1966-02,132.43,1,7.2,13.4,0.73,8.6
1966-03,50.42,3.5,10.2,16.9,1.27,11.78
1966-04,38.57,5.8,15.1,24.5,1.63,23.31
1966-05,3.15,7.6,17.1,26.7,2,27.15
1966-06,0.29,9.8,19.2,28.5,2.63,30.21
1966-07,0,10.4,20.9,31.4,2.03,36.19
1966-08,5.1,11.8,23.1,34.3,3,43.77
1966-09,6.76,10.1,20.4,30.8,2.72,35.04
1966-10,0,6.4,16.7,27.1,2.1,28.14
1966-11,264.98,5.6,11.5,17.3,1.31,11.41
1966-12,192.87,3.4,8.2,12.9,0.88,7.05
1967-01,314.87,1.7,7.8,14,0.59,8.45
1967-02,15.24,1.8,9.7,17.6,0.64,12.95
1967-03,204.57,2.3,8.6,15,0.79,9.51
1967-04,128.64,1.9,7.1,12.4,0.55,7.06
1967-05,4.49,6.9,16.1,25.4,1.53,23.68
1967-06,43.85,10.3,18.9,27.4,1.87,26.35
1967-07,0,12.6,23.6,34.6,3.1,42.96
1967-08,0.29,12.1,24.3,36.5,2.5,49.1
1967-09,1.14,11.3,22.2,33.1,2.57,40.22
1967-10,46.61,7.8,16.8,25.8,2.31,24.97
1967-11,85.39,5.8,12.9,20,1.13,14.65
1967-12,137.08,0.2,6.8,13.4,1.09,9.58
1968-01,270.42,0,6.5,13.1,0.45,8.4
1968-02,153.33,5.8,11,16.3,0.55,8.5
1968-03,115.15,4.3,11.3,18.4,1.04,12.91
1968-04,15.44,4.3,13.4,22.5,1.83,20.93
1968-05,15.52,6.9,15.2,23.4,1.84,20.67
1968-06,0,10.5,20.3,30.2,2.36,32.93
1968-07,0,12,23.2,34.3,2.74,42.81
1968-08,34.48,12,21.2,30.4,2.44,32.34
1968-09,3.94,10.9,21.5,32,3.16,37.74
1968-10,62.96,7,15.9,24.7,1.67,22.62
1968-11,101.16,5.4,10.8,16.1,0.7,9.03
1968-12,344.34,1.4,5.9,10.5,0.87,5.78
1969-01,429.33,1.7,6.3,10.9,0.57,5.6
1969-02,290.14,2.5,6.5,10.5,0.71,4.97
1969-03,54.98,2.5,10.1,17.6,1.05,13.22
1969-04,80.03,4.4,12,19.6,1,14.7
1969-05,1.5,8.7,17.6,26.5,2.09,25.17
1969-06,4.08,11.8,19.4,27,2.23,23.77
1969-07,0,12.3,23.3,34.2,3.12,42.2
1969-08,0,11.4,23.4,35.4,3.45,47.71
1969-09,0,11.2,21.9,32.7,3.15,39.66
1969-10,68.27,7.1,15,22.9,2.26,20.22
1969-11,44.34,3.4,11.7,20,0.9,15.4
1969-12,348.65,4.8,9.7,14.7,1.24,8.48
1970-01,586.47,5.2,9.2,13.3,1.14,6.62
1970-02,111.87,3.6,10.3,17.1,0.83,11.59
1970-03,73.13,4.3,11.6,18.9,1.65,14.99
1970-04,18.59,2.3,10.6,18.8,1.45,15.86
1970-05,3.17,8,17.2,26.4,2.21,26.87
1970-06,10.91,10.8,20.4,30.1,2.08,32.49
1970-07,0,12.4,23.9,35.3,2.76,45.95
1970-08,0,10.7,22.7,34.7,2.57,45.48
1970-09,0,9.3,20.9,32.5,3.82,41.29
1970-10,67.04,6.2,15.7,25.1,2.12,25.1
1970-11,262.99,7.1,11.9,16.6,1.19,9.28
1970-12,316.98,2.9,6.9,10.8,0.85,5.19
1971-01,169.1,2,8.1,14.1,0.8,8.67
1971-02,14.5,1.8,9.4,16.9,0.65,11.89
1971-03,176.32,3,9.5,15.9,1.21,10.73
1971-04,46.82,3.6,11,18.4,1.17,13.68
1971-05,17.71,7.2,14.9,22.5,1.54,18.4
1971-06,1.3,9.1,18.2,27.3,1.33,25.86
1971-07,0,12.3,23.2,34.2,2.22,41.41
1971-08,2.24,12.4,23.5,34.6,2.03,42.59
1971-09,15.8,9.8,20.7,31.6,3.43,38.37
1971-10,14.83,4.8,14.6,24.4,1.68,23.47
1971-11,105.76,2.8,10.1,17.3,0.88,12.11
1971-12,197.62,0.3,5.5,10.7,0.76,5.95
1972-01,89.44,0,6.6,13.2,0.65,8.45
1972-02,114.59,3.5,9.3,15,0.7,8.75
1972-03,49.34,5.4,12.6,19.9,0.99,14.36
1972-04,76.29,4.4,11.9,19.3,1.66,15.2
1972-05,11.12,7.1,16.4,25.6,1.56,24.04
1972-06,5.28,9.9,20,30.1,1.39,31.49
1972-07,0,12.7,23.3,33.8,2.99,40.97
1972-08,2.34,12.1,23,34,2.64,41.9
1972-09,37.76,9.2,19.1,29,2.42,31.01
1972-10,97.45,8.2,15.3,22.4,1.7,17.65
1972-11,188.48,4,9.7,15.4,0.55,8.64
1972-12,150.93,-0.1,5,10.1,0.92,6.07
1973-01,385.34,1.3,6.4,11.4,0.34,5.13
1973-02,243.94,4.6,9.5,14.4,0.51,7.04
1973-03,106.51,2.8,9,15.2,0.79,8.92
1973-04,8.57,5.2,13.8,22.4,1.6,19.57
1973-05,2.75,8.2,17.9,27.6,2.17,27.25
1973-06,0,11.1,21.1,31.2,3.34,32.22
1973-07,0,11.9,23,34,3.81,39.54
1973-08,0,10.2,21.8,33.5,2.96,39.89
1973-09,35.93,10.1,19.9,29.8,2.47,30.16
1973-10,100.84,6.7,15.6,24.4,1.25,19.8
1973-11,395.23,5.9,10,14,0.61,6.1
1973-12,207.84,4.4,8.5,12.6,0.32,4.64
1974-01,248.78,1.4,7,12.5,0.57,5.87
1974-02,124.64,0.7,7.7,14.7,0.46,8.61
1974-03,288.82,4.8,10.4,16,0.67,8.34
1974-04,83.64,4.3,11.7,19.1,0.77,13.29
1974-05,4.15,6.8,15.8,24.8,1.69,21.68
1974-06,0,10.3,20,29.6,2.22,28.1
1974-07,28.35,12.1,22.2,32.2,2.21,32.8
1974-08,2.4,11.8,22.9,34.1,2.21,37.71
1974-09,0,9.9,21.8,33.7,2.64,40.41
1974-10,43.73,6.4,17,27.5,1.96,27.58
1974-11,45.94,2.7,9.9,17.1,0.4,9.87
1974-12,144.39,1.4,7.5,13.6,0.4,6.6
1975-01,83.43,-0.4,7.2,14.9,0.28,8.64
1975-02,371.37,2.2,7.7,13.2,0.31,7.15
1975-03,300.11,4.2,9.6,14.9,0.84,8.59
1975-04,58.74,2.8,9.4,16,0.85,11.04
1975-05,7.23,7.4,16.8,26.2,1.89,24.13
1975-06,1.54,10.2,20.1,30,2.43,30.81
1975-07,3.98,11.9,22,32,3.14,35.16
1975-08,6.07,11.9,22.1,32.4,3.07,35.27
1975-09,0,10.9,21.7,32.5,3.73,36
1975-10,128.84,7.2,14.8,22.5,1.7,16.61
1975-11,50.43,2.8,9.5,16.3,0.79,9.83
1975-12,50.07,2,8.6,15.1,0.42,6.83
1976-01,14.48,-0.3,7.7,15.6,0.41,9.36
1976-02,125.2,2.5,8.9,15.4,0.76,9.3
1976-03,53.29,1.8,9.5,17.2,0.82,11.8
1976-04,91.43,3.8,10.7,17.7,0.97,12.49
1976-05,0,7.3,17.1,26.8,2,26.13
1976-06,1.49,9.7,19.4,29.1,2.91,31.32
1976-07,0,12.8,22.9,33,3.23,36.24
1976-08,28.31,11.8,20.4,29.1,1.9,27.39
1976-09,8.26,11.1,20.7,30.3,2.52,30.52
1976-10,9.31,6.9,17.3,27.6,1.94,26.51
1976-11,57.53,5.2,13.1,21,1.05,14.53
1976-12,22.25,-0.7,8.1,16.9,0.77,11.4
1977-01,67.06,0.1,7.2,14.2,0.41,8.13
1977-02,80.58,2.8,10.8,18.8,0.49,12.66
1977-03,76.3,2.2,9.2,16.2,0.77,11.4
1977-04,7.16,4.9,14,23.1,1.61,21.09
1977-05,43.5,5.8,12.5,19.1,1.14,13.39
1977-06,0,12.1,21.5,30.9,3.45,32.68
1977-07,0,12.2,23.1,34,3.52,39.62
1977-08,2.93,13.3,23.7,34.2,3.39,39.72
1977-09,85.17,11.5,20,28.6,2.61,28.04
1977-10,30.06,7.8,16.2,24.6,1.4,19.11
1977-11,156.3,4.3,10.9,17.5,0.66,9.47
1977-12,236.76,4.8,9.6,14.3,0.7,6.45
1978-01,440.31,5.1,9.5,13.9,0.44,5.17
1978-02,239.28,4.9,10.1,15.2,0.4,6.7
1978-03,153.92,6.7,12.7,18.6,1.08,10.96
1978-04,148.6,5,11.5,17.9,0.88,11.47
1978-05,8.61,7.3,16.3,25.2,1.89,23.77
1978-06,1.26,10.4,19.2,28,2.78,27.06
1978-07,0,12.4,23,33.5,3.69,40.34
1978-08,0.03,12.9,23.4,33.9,4.08,41.42
1978-09,51.11,10.7,19.7,28.7,2.07,26.46
1978-10,0,7.9,18.5,29,1.77,28.59
1978-11,39.62,2.1,9.8,17.5,0.77,11.25
1978-12,18.28,-0.2,6.5,13.2,0.53,7.46
1979-01,262.15,1.8,7.1,12.4,0.54,6.12
1979-02,263.01,2.8,8,13.1,0.43,6.33
1979-03,110.88,5.6,11.3,17,0.72,9.18
1979-04,62.93,5.4,12.2,19,0.91,12.15
1979-05,29.14,8.6,17.1,25.6,1.48,22.41
1979-06,0,9.8,20.1,30.5,2.72,35.69
1979-07,0.07,12.5,22.7,32.9,2.7,38.49
1979-08,0,11.8,21.7,31.7,2.38,35.15
1979-09,5.9,11.5,21.9,32.3,2.57,36.77
1979-10,145.57,9.6,16.7,23.9,1.32,18.05
1979-11,189.47,4.4,10.2,16.1,0.56,8.26
1979-12,193.17,2.1,8.6,15.1,0.58,8.12
1980-01,244.93,3.5,9,14.6,0.42,6.61
1980-02,329.85,6.1,10.7,15.4,0.46,7.13
1980-03,64.23,3.8,10.4,17.1,0.79,11.1
1980-04,76.9,5.4,12.9,20.5,0.81,15.32
1980-05,14.33,6.9,15.1,23.3,1.19,19.8
1980-06,7.65,8.4,16.8,25.2,1.37,23.29
1980-07,0.62,12.2,22.6,33,2.21,40.32
1980-08,0,11.5,22.2,32.8,2.64,37.91
1980-09,4.38,10,20.2,30.3,2.28,32.01
1980-10,28.35,7.9,17.6,27.2,1.79,26.82
1980-11,19.5,3.8,11.5,19.1,0.63,11.97
1980-12,160.65,2.5,9.1,15.6,0.54,7.55
1981-01,265.77,3.7,9.2,14.8,0.28,6.8
1981-02,107.9,4,10.4,16.7,0.53,9.12
1981-03,108.14,4.5,10.7,17,0.8,9.89
1981-04,16.05,5.2,13.3,21.4,1.1,17.22
1981-05,23.87,8.4,16.5,24.6,1.63,21.38
1981-06,0.41,12.1,21.7,31.2,3.13,36.18
1981-07,1.16,11.8,23.2,34.6,2.72,44.63
1981-08,0,12,23,34.1,2.96,42.61
1981-09,29.27,11.3,21,30.7,2.94,32.54
1981-10,141.31,6.5,14.7,23,1.36,18.59
1981-11,323.84,7.1,12.2,17.4,0.96,8.78
1981-12,276.1,5.3,9.7,14.2,0.95,6.46
1982-01,198.54,0.5,6.3,12,0.61,6.93
1982-02,177.42,3.1,9.6,16.2,0.7,8.96
1982-03,230.5,3.6,9.4,15.1,0.93,8.64
1982-04,196.95,4.2,11.2,18.2,1.09,12.91
1982-05,0.35,7.4,17,26.6,1.89,25.34
1982-06,4.73,10.6,18.9,27.2,1.95,23.16
1982-07,0,11.6,21.7,31.7,2.02,34.58
1982-08,0.2,10.8,21.7,32.5,1.89,35.13
1982-09,41.75,10.9,19.8,28.7,3.78,29.97
1982-10,128.16,7.6,15.6,23.6,1.43,19.74
1982-11,250.33,3.3,9.2,15.1,0.55,8.94
1982-12,193.5,2.7,7.8,12.9,1.23,7.08
1983-01,295.39,2.9,8.4,13.8,0.6,7.52
1983-02,382.5,5.7,10,14.3,1.51,6.88
1983-03,452.8,5.9,10.3,14.6,1.88,8.16
1983-04,165.46,4.6,10.8,17,1.24,12.12
1983-05,18.33,7.9,16.2,24.5,1.99,21.45
1983-06,1.94,10.4,19,27.6,1.75,23.49
1983-07,2.12,11.6,20.5,29.4,0.57,29.19
1983-08,19.43,13.2,22.6,32,0.42,31.65
1983-09,15.29,12.4,21.7,31,1.86,33.51
1983-10,39.35,8.8,17,25.2,2.18,20.92
1983-11,408.25,5.5,10.3,15.1,0.93,6.91
1983-12,383.53,5.7,9,12.3,0.88,4.61
1984-01,17.36,2.7,9.5,16.2,0.87,9.39
1984-02,123.9,3,9.1,15.1,0.95,8.03
1984-03,79.06,5.4,12.5,19.7,1.54,12.99
1984-04,48.99,4.6,11.6,18.6,1.26,13.26
1984-05,6.89,8.3,16.7,25.2,1.73,22.24
1984-06,7.23,10.4,19.2,28,2.77,25.5
1984-07,0,14.4,24.8,35.1,3.62,39.96
1984-08,2.45,12.3,22.6,32.8,2.41,35.44
1984-09,4.13,11.5,22,32.6,3.29,38.21
1984-10,74.1,7.2,13.9,20.6,1.96,14.66
1984-11,355.3,5.2,9.7,14.2,1.05,7.14
1984-12,66.54,1.4,6.7,11.9,0.86,6.14
1985-01,23.75,0.7,7.2,13.7,1,8.47
1985-02,116.09,1.9,9.6,17.4,0.97,11.85
1985-03,156.99,2.7,9,15.4,1.08,9.4
1985-04,6.06,6.9,14.6,22.4,2.24,17.48
1985-05,0.72,6.9,15.2,23.6,1.11,19.21
1985-06,0,12.1,21.6,31.1,1.87,30.46
1985-07,0.96,13.9,24.2,34.6,3.43,40.54
1985-08,0.19,11,21.1,31.3,1.74,31.22
1985-09,48.32,10.5,18.5,26.5,1.49,22.58
1985-10,51.47,7.4,15.8,24.1,1.7,18.58
1985-11,129,2.8,8.5,14.3,0.66,8.76
1985-12,101.95,1.4,7.6,13.7,0.81,6.96
1986-01,236.36,4.9,9.9,14.9,0.82,6.14
1986-02,557.14,6.3,10.9,15.6,1.25,6.71
1986-03,208.23,6.3,13.1,19.8,1.16,11.35
1986-04,24.45,6,13.1,20.2,1.14,13.32
1986-05,19.77,7.7,15.4,23.1,2.09,17.8
1986-06,0,12,20.4,28.8,2.61,25.5
1986-07,0,12.7,22.3,32,2.55,32.97
1986-08,0,12.9,23.6,34.3,2.56,39.37
1986-09,75.17,9.8,17.8,25.8,1.47,22.37
1986-10,23.23,8.1,16.6,25.1,0.39,19.75
1986-11,8.62,3.8,11.9,20,1.11,15.43
1986-12,71.59,2.1,8,13.8,0.46,6.9
1987-01,155.71,1.6,7.1,12.7,0.47,6.41
1987-02,158.31,2.9,9.4,15.8,0.46,9.53
1987-03,191.49,3.9,10.1,16.2,0.67,9.9
1987-04,6.14,6,15.2,24.4,1.12,19.9
1987-05,7.41,9.5,17.8,26.1,1.57,23.43
1987-06,0,11.5,21,30.4,2.4,30.77
1987-07,0,11.4,20.3,29.2,1.19,24.78
1987-08,0,12,23,34,3.46,40.06
1987-09,0,10.5,21,31.6,1.85,34.32
1987-10,48.29,9.4,18.4,27.4,2.09,26.45
1987-11,107.43,5,10.9,16.8,1.09,8.89
1987-12,283.15,3.5,7.4,11.3,1.16,5.24
1988-01,229.22,2.9,7.9,12.9,0.69,5.99
1988-02,13.62,2.3,10.9,19.5,0.56,13.53
1988-03,4.36,3.9,12.1,20.4,1.28,16.45
1988-04,75.1,6.4,13.3,20.1,1.08,14.55
1988-05,22.34,6.9,14.1,21.4,1.23,16.86
1988-06,20.24,10.3,18.1,25.9,1.36,22.96
1988-07,0,14.2,24.1,33.9,2.77,38.76
1988-08,0,12.6,22.7,32.8,1.8,35.32
1988-09,0,9.9,20.8,31.7,1.4,36.51
1988-10,6.84,8.6,17.8,27,1.31,24.03
1988-11,199.51,6.1,10.9,15.7,0.88,7.47
1988-12,104.73,1.9,8.1,14.2,0.93,8.74
1989-01,51.12,0.6,7.2,13.8,0.47,8.5
1989-02,34.27,0.9,6.8,12.8,0.56,7.85
1989-03,307.17,5.6,10.5,15.4,0.49,7.84
1989-04,43.5,7.7,15.3,23,1.19,17.49
1989-05,7.97,7.7,15,22.3,0.74,15.33
1989-06,11.61,10.7,19.1,27.4,1.64,24.65
1989-07,0,11.3,21.9,32.5,1.01,35.12
1989-08,0.81,11.4,21.3,31.3,2.55,32.92
1989-09,60.94,10.2,19.4,28.5,2.69,27.49
1989-10,119.92,7.1,15.1,23.1,1.63,19.81
1989-11,47.62,4.9,12.3,19.7,1.45,14.37
1989-12,0.05,0.9,8.4,15.9,1.18,10.57
1990-01,192.65,1.9,7.6,13.3,0.73,6.75
1990-02,121.36,0.8,7.1,13.4,0.88,8.57
1990-03,51.41,4.3,11.3,18.3,1.1,12.15
1990-04,12.21,7.4,14.6,21.8,1.71,15.95
1990-05,131.43,7.8,15,22.3,2.49,20.92
1990-06,1.37,10.1,18.2,26.4,2.18,27.23
1990-07,0,13.4,23,32.6,3.5,38.24
1990-08,0.41,13.3,22.2,31,4.26,36.92
1990-09,14.09,11.1,20.3,29.5,2.43,30.6
1990-10,22.81,7.4,17,26.6,3.05,27.49
1990-11,13.75,3.2,10.7,18.2,1.86,14.42
1990-12,39.39,-1.6,5.1,11.8,1.13,8.86
1991-01,24.35,1.2,8.2,15.1,1.25,10.7
1991-02,106.83,4.7,11.9,19.1,1.46,13.9
1991-03,412.44,3.1,8.1,13.2,0.73,7.59
1991-04,21.41,4.5,11.3,18,1.4,13.04
1991-05,12.73,6.7,13.9,21.1,1.76,14.81
1991-06,14.12,9,17.5,26.1,1.8,22.17
1991-07,1.91,13.4,23.4,33.4,2.63,33.9
1991-08,0,11.6,21.2,30.8,2.55,29.98
1991-09,0,11.4,22.5,33.6,2.46,32.52
1991-10,51.69,8.9,18.9,28.9,2.99,31.25
1991-11,59.44,4.6,11.9,19.3,1.51,14.94
1991-12,90.89,1.5,7.7,14,1.21,8.77
1992-01,85.84,1,7.2,13.5,0.59,8.84
1992-02,304.49,5.1,10.8,16.4,0.95,10.53
1992-03,130.83,5.8,11.9,18,0.74,11.37
1992-04,50.41,7,14.5,22,1.29,17.18
1992-05,4.27,9.6,18.8,28.1,1.21,23.71
1992-06,34.28,11.8,19.9,27.9,1.16,20.55
1992-07,0.18,12.6,21.9,31.1,1.22,25.63
1992-08,0,12.6,23.4,34.2,3.4,33.84
1992-09,0,10,20.6,31.2,1.77,24.59
1992-10,93.14,9.2,17.7,26.3,2.07,19.76
1992-11,31.22,4.9,11.4,17.8,1.39,10.5
1992-12,319.02,1.8,6.7,11.7,0.69,5.09
1993-01,395.21,1.9,6.7,11.5,0.88,5.01
1993-02,235.3,2.9,7.9,13,0.89,5.85
1993-03,85.06,6.9,12.7,18.6,0.98,8.58
1993-04,76.47,6,12,18.1,1.55,9.82
1993-05,79.41,8.9,15.1,21.3,2.76,13.49
1993-06,36.28,11.1,19,26.9,3.51,20.57
1993-07,0,12.4,21.5,30.6,3.72,22.17
1993-08,0,11.9,21.9,31.8,5.59,32.24
1993-09,0,9.8,20.5,31.1,4.58,30.03
1993-10,22.06,8.9,17.1,25.3,3.52,20.07
1993-11,79.15,3.3,11,18.8,2.57,14.11
1993-12,134.99,1.9,7.4,12.9,2.35,7.64
1994-01,114.69,2.2,8.4,14.5,2.03,7.85
1994-02,193.04,2,7.8,13.7,1.91,7.39
1994-03,11.33,4.8,12.5,20.1,2.57,13.31
1994-04,69.88,5.7,13.1,20.5,2.71,15.76
1994-05,28.9,8.5,15.6,22.7,1.72,12.53
1994-06,1.63,9.5,18.5,27.6,1.9,17.89
1994-07,0.26,12.9,23.2,33.6,5.25,31.24
1994-08,0,10.9,21.6,32.3,4.77,28.39
1994-09,1.41,10.9,20.7,30.5,4.29,26.87
1994-10,23.49,6.3,15.1,24,2.47,19.26
1994-11,199.95,1.9,7.3,12.6,2.36,8.21
1994-12,122.7,1.8,6.4,11,2.24,6.55
1995-01,717.94,5.6,8.7,11.8,2.27,4.85
1995-02,21.96,5,11.3,17.6,3.37,10.85
1995-03,472.5,4.8,10,15.2,2.28,8.23
1995-04,114.81,5.2,11.7,18.3,2.75,12.16
1995-05,60.05,8.2,15.1,21.9,3.34,14.43
1995-06,16,10.3,18,25.8,3.93,19.61
1995-07,4.03,12.9,22.1,31.2,2.52,29.57
1995-08,0,11.6,22.3,32.9,2.82,36.94
1995-09,0,11.2,20.9,30.6,1.67,30.43
1995-10,0,7.4,17,26.5,2.12,26.39
1995-11,7.46,6.5,13.9,21.3,0.56,14.29
1995-12,328.32,5.3,9.5,13.8,0.2,4.66
1996-01,297.16,3.7,8.8,13.8,0.27,5.93
1996-02,301.81,6.1,10.8,15.5,0.24,7.01
1996-03,97.34,5.2,12.1,19.1,0.75,12.88
1996-04,111.15,6.2,13.2,20.2,0.55,13.44
1996-05,74.54,8.3,16,23.7,1.2,18.05
1996-06,5.43,10.5,19.6,28.6,1.62,26.66
1996-07,0,13.7,24.4,35,2.88,40.02
1996-08,0,12.5,23.5,34.6,4,42.05
1996-09,8.07,9.9,19.9,29.8,1.83,30.49
1996-10,42.21,8.1,16.1,24.1,1.13,21.57
1996-11,122.34,6.3,11.9,17.5,0.46,9.57
1996-12,416.73,4.9,9.1,13.3,0.23,5.17
1997-01,360.44,4.4,8.7,12.9,0.31,4.81
1997-02,32.55,3.5,10.1,16.7,0.54,9.63
1997-03,58.09,5.1,12.5,19.9,0.54,13.41
1997-04,32.44,6.4,13.2,20,0.59,13.54
1997-05,18.93,9.6,18.1,26.6,1.36,25.67
1997-06,17.43,11.2,18.8,26.4,1.16,22.07
1997-07,0,12.9,22.6,32.3,1.86,31.99
1997-08,22.52,12.7,21.7,30.8,1.37,29.61
1997-09,22.31,11.6,20.8,30,1.59,30.24
1997-10,48.12,7.7,15.3,22.9,1.05,18.6
1997-11,259.01,7.5,12.2,16.9,0.42,8.25
1997-12,103.32,2.5,8,13.4,0.54,7.9
1998-01,414.07,5.4,8.6,11.8,0.05,2.67
1998-02,601.26,4.2,7.9,11.5,0.05,4.08
1998-03,136.56,5,10.9,16.8,0.18,8.75
1998-04,83.89,5,11.3,17.7,0.46,11.49
1998-05,142.23,6.5,11.8,17.1,0.35,8.44
1998-06,3.04,11,18.1,25.2,0.73,17.8
1998-07,0,13.3,22.8,32.4,2,30.98
1998-08,0,13.1,23.8,34.5,3.49,42.43
1998-09,4.52,12,21.2,30.4,2.92,31.66
1998-10,33.83,6.6,14.8,23,1.04,19.29
1998-11,220.49,5.3,10,14.6,0.21,6.54
1998-12,59.01,0.8,6.7,12.6,0.51,7.32
1999-01,125.57,2.4,8.3,14.1,0.69,8.34
1999-02,365.56,2.6,7.2,11.9,0.27,5.56
1999-03,156.11,2.9,8.5,14.1,0.3,7.24
1999-04,59.13,4.5,11.8,19.1,1.29,14.47
1999-05,5.43,6.7,14.6,22.6,0.97,18.14
1999-06,1.87,9.6,18.3,26.9,2.28,25.86
1999-07,0,11,21.1,31.3,2.59,33.38
1999-08,0.53,12.3,21.4,30.5,2.43,30.69
1999-09,1.7,10.9,21.8,32.8,2.41,34.85
1999-10,33.92,8.2,17.7,27.3,2.93,28.15
1999-11,144.24,6.8,12.2,17.6,0.43,9.77
1999-12,31.78,2.3,9,15.6,0.98,9.9
2000-01,212.69,4,8.4,12.8,0.15,4.66
2000-02,356,5.6,9.4,13.3,0.24,5.3
2000-03,78.4,4.2,10.9,17.6,0.63,11.6
2000-04,75.68,6.6,14.1,21.5,1.15,16.29
2000-05,42.77,8.7,16.1,23.4,1.16,18.46
2000-06,13.86,11.5,20.9,30.2,1.72,29.58
2000-07,0,11.6,21,30.3,1.72,28.86
2000-08,0,11.8,22,32.2,3.14,37.5
2000-09,8.76,11.1,20.3,29.4,2.3,30.81
2000-10,98.44,7.9,15.5,23.1,1.04,19.42
2000-11,49.5,3.2,9.4,15.6,0.37,8.84
2000-12,33.75,3.4,9.2,15,0.74,8.2
2001-01,157.01,0.9,7.1,13.3,0.65,8.37
2001-02,241.15,2.4,7.8,13.3,0.55,7.83
2001-03,84.93,5.5,12.6,19.7,0.78,12.61
2001-04,34.18,3.9,10.8,17.8,0.5,12.69
2001-05,0,10.9,20,29.2,3.39,31.96
2001-06,12.66,11.1,19.7,28.4,2.95,28.67
2001-07,0,12.4,22.5,32.5,2.26,33.45
2001-08,0.15,12,22.5,32.9,2.38,35.78
2001-09,5,11.8,21.4,31.1,2.3,32.1
2001-10,35.21,8.6,17.9,27.2,2.44,28.82
2001-11,256.07,6.4,11.7,16.9,0.36,9.18
2001-12,308.31,4,7.7,11.4,0.28,4.43
2002-01,137.47,2.2,7.5,12.8,0.29,5.8
2002-02,81.4,3.8,10.3,16.9,0.51,10.06
2002-03,74.66,2.9,9.9,16.9,0.78,11.88
2002-04,16.89,6.1,13,20,0.61,12.98
2002-05,26.85,6.6,14.8,22.9,1.31,19
2002-06,0,10.5,19.5,28.6,2.49,26.03
2002-07,0,12.9,23.2,33.4,2.89,36.13
2002-08,0,11.8,22.4,33,2.71,36.4
2002-09,0,10.3,21,31.8,4,37.11
2002-10,0,6.8,16.3,25.8,2.14,24.84
2002-11,125.02,5.7,12.8,19.8,1.42,14.17
2002-12,540.06,4.2,8.6,12.9,0.17,5.32
2003-01,131,6,11,16,0.33,6.18
2003-02,73.86,2.8,9.4,16,0.41,9.38
2003-03,108.15,4.8,11.4,17.9,0.35,10.1
2003-04,239.85,4.1,9.2,14.3,0.19,6.83
2003-05,19.15,7.8,15.4,23,1.08,17.32
2003-06,0,10.8,20.1,29.4,2.09,27.31
2003-07,0,13.4,23.8,34.2,3.17,37.79
2003-08,2.1,12.3,21.8,31.3,1.59,30.46
2003-09,3.73,11.8,22.1,32.5,2.5,35.69
2003-10,0.42,8.6,18.3,28,2.7,28.9
2003-11,120.97,3.8,9.2,14.5,0.27,7.6
2003-12,404.27,4.1,8,11.9,0.18,4.39
2004-01,109.44,3.5,8.1,12.6,0.16,4.65
2004-02,341.06,4,8.7,13.5,0.24,6.26
2004-03,39.72,6.6,14.8,22.9,1.42,17.87
2004-04,29.74,6.4,13.9,21.4,1.13,16.54
2004-05,3.36,8,15.9,23.7,1.2,18.87
2004-06,2.1,10.9,19.6,28.2,1.99,25.49
2004-07,0,13,23,33,2.05,32.54
2004-08,0,13,22.7,32.3,2.03,32.95
2004-09,4.43,10.8,20.8,30.9,3.22,34.35
2004-10,113.54,7.7,15.3,22.9,1.32,18.37
2004-11,59.75,4.4,10.8,17.3,0.46,9.84
2004-12,256.51,3.3,8.9,14.5,0.56,6.77
2005-01,182.52,2.9,7.9,12.8,0.23,5.52
2005-02,111.77,4.9,10.4,15.9,0.43,8.34
2005-03,165.78,5.6,12.1,18.7,0.66,11.48
2005-04,73.12,4.6,11.4,18.2,0.33,10.86
2005-05,112.15,8.7,15.1,21.6,0.52,13.14
2005-06,42.91,10.1,16.8,23.5,0.43,16.35
2005-07,0,13.8,24.1,34.5,2.12,38.13
2005-08,0,11.9,22.8,33.7,2.4,37.49
2005-09,0.25,8.9,18.9,28.9,1.56,28.16
2005-10,29.9,7.3,15.7,24,1.03,20.06
2005-11,128.45,5.1,12,18.8,0.69,11.52
2005-12,474.21,4.6,9,13.4,0.19,4.8
2006-01,214.1,3.9,8.5,13.2,0.15,5.28
2006-02,146.72,3.1,9.9,16.7,0.69,11.91
2006-03,278.26,3.1,7.5,11.9,0.13,5.12
2006-04,249.38,6.4,11.4,16.4,0.25,8.7
2006-05,14.66,8.8,16.9,25,1.46,21.15
2006-06,0,12.2,20.9,29.6,2.21,29.46
2006-07,0,14.2,24.8,35.3,3.55,43.67
2006-08,0,11.1,21.5,31.9,2.26,33.1
2006-09,0,9.8,20.5,31.2,3.02,36.4
2006-10,7.1,6.6,15.5,24.4,2.29,22.89
2006-11,100.05,5.5,10.8,16,0.44,7.5
2006-12,189.09,2.3,7.8,13.3,0.86,7.93
2007-01,13.15,-0.6,6.7,13.9,0.76,9.52
2007-02,290.43,3.6,8.6,13.7,0.64,6.95
2007-03,14.18,5.1,12.7,20.4,1.32,15.27
2007-04,61.01,5.5,12.7,20,1.16,14.99
2007-05,10.92,7.5,16.5,25.5,1.67,22.66
2007-06,0,10,19.3,28.6,2.27,26.83
2007-07,1.59,12.8,22.3,31.9,2.22,31.66
2007-08,0,12,22.4,32.8,3.01,35.24
2007-09,1.9,10.5,19.4,28.2,2.19,26.77
2007-10,78.9,6.9,14.2,21.4,1.04,15.48
2007-11,16.23,4.8,12,19.3,1.12,13.94
2007-12,155.31,1.3,6.3,11.3,0.59,6.43
2008-01,332.65,2.2,6.5,10.9,0.64,5.34
2008-02,155.49,2.7,8.9,15.1,0.75,9.65
2008-03,13.46,3.1,10.3,17.4,0.76,11.39
2008-04,10.28,3.4,11.8,20.1,1.32,16.57
2008-05,0.01,8.1,16.4,24.6,2.11,22.66
2008-06,0,10,19.4,28.9,3.66,31.14
2008-07,0,12.7,22.6,32.6,3.49,36.54
2008-08,0,12.3,23,33.8,3.47,39.33
2008-09,3.37,10.2,20.8,31.4,3.16,35.66
2008-10,45.79,7.6,16.7,25.9,2.5,25.42
2008-11,103.1,6.9,12.7,18.5,0.89,9.72
2008-12,86.27,1.3,6.5,11.7,0.61,6.58
2009-01,18.1,2.5,9.5,16.4,1.16,11.4
2009-02,262.65,3.3,8.5,13.7,0.89,7.74
2009-03,92.23,3.6,10.1,16.6,0.76,10.4
2009-04,14.46,4.8,12.2,19.5,1.36,16.47
2009-05,64.78,9,17.1,25.1,1.69,20.64
2009-06,0,10.6,18.8,27,2.32,26.39
2009-07,0,11.8,23.1,34.3,3.06,40.61
2009-08,0,11.6,22.1,32.7,3.22,37.41
2009-09,1.2,11.3,21.9,32.6,3.42,39.99
2009-10,95.93,7.4,14.9,22.5,1.13,16.03
2009-11,46.33,3.9,10.6,17.3,0.85,10.95
2009-12,92.9,1.8,6.8,11.9,0.5,5.85
2010-01,387.68,5.2,8.9,12.6,0.4,4.67
2010-02,138.39,5,9.7,14.4,0.48,6.8
2010-03,119.13,3.6,10.3,17,0.74,10.89
2010-04,211.61,4.3,10.2,16.1,0.66,9.86
2010-05,54.27,5.9,12.6,19.4,0.82,12.61
2010-06,4.02,11.1,19,27,1.85,23.94
2010-07,0,11.9,22.4,32.8,1.68,31.81
2010-08,0,10.9,21.7,32.5,1.82,31.93
2010-09,2.83,10.5,20.5,30.4,2.82,32.48
2010-10,177.57,8.7,16.3,23.9,1.59,20.08
2010-11,97.23,4.4,10.5,16.7,0.56,9.82
2010-12,264.59,5,8.3,11.7,0.42,4.11
2011-01,47.23,3.1,9.1,15.2,0.9,9.42
2011-02,149.56,1.5,8.1,14.6,1.07,10.1
2011-03,320.74,4.5,9.1,13.6,0.44,5.93
2011-04,20.12,5.1,11.5,18,0.75,11.24
2011-05,47.71,6.1,13.3,20.4,1,15.47
2011-06,58.57,10.5,17.8,25.1,1.66,20.87
2011-07,0,12.6,21.8,31,1.75,28.76
2011-08,0,11.9,22.4,32.8,2.62,34.39
2011-09,0.11,11.6,22.5,33.5,3.77,39.74
2011-10,99.75,9.2,16.6,24.1,1,16.43
2011-11,84.5,4.1,9.8,15.5,0.63,8.96
2011-12,7.35,1.9,8.6,15.3,1.36,10.55
2012-01,134.85,2.5,8.8,15.1,0.96,9.22
2012-02,70.17,2.7,9.3,15.9,0.7,10.13
2012-03,244.83,3.2,8.8,14.4,0.61,8.09
2012-04,63.15,5.8,12.2,18.6,0.78,12.22
2012-05,3.97,7.3,16.1,24.8,1.47,21.63
2012-06,0.91,9.6,18.4,27.1,2.12,25.82
2012-07,0,11.8,22,32.3,2.22,33.45
2012-08,0,12.1,23.4,34.8,3.55,42.67
2012-09,0,9.3,20.8,32.4,3.17,36.97
2012-10,35.64,8.7,16.9,25.1,1.45,22.19
2012-11,273.1,6.3,11.9,17.5,0.58,9.57
2012-12,359.41,2.9,7.3,11.8,0.4,4.81
2013-01,37.14,0.9,7.3,13.8,0.78,8.31
2013-02,15.69,1.5,9.1,16.7,0.73,11.93
2013-03,61.13,4.5,11.6,18.7,0.59,11.91
2013-04,31.05,6.7,14.6,22.5,1.33,18.33
2013-05,5.04,8.4,16.4,24.5,1.94,20.99
2013-06,17.39,11.3,20.2,29.1,1.98,27.85
2013-07,2.62,13.2,23.9,34.7,2.73,38.56
2013-08,0,12.5,22,31.5,1.96,30.8
2013-09,18.7,11,19.7,28.5,1.86,27.09
2013-10,1.46,5.7,15.5,25.4,2.43,25.06
2013-11,25.95,4.8,12.4,20,1.55,15.79
2013-12,10.83,1.3,8.7,16.1,1.5,12.74
2014-01,11.37,4.2,12,19.7,2.16,17.3
2014-02,257.48,4.5,10.1,15.6,0.5,8.05
2014-03,169.31,6.2,12.8,19.4,1.12,12.93
2014-04,60.69,6.6,14.1,21.5,0.96,15.42
2014-05,0.5,8.8,17.4,26,1.79,24.58
2014-06,0,11.2,20.9,30.6,2.39,30.86
2014-07,0,13.9,24,34.2,2.9,38.08
2014-08,0.54,13.1,22.9,32.6,1.97,33.46
2014-09,26.32,12,21.4,30.9,1.98,30.29
2014-10,36.49,9.7,18,26.3,2.11,25.52
2014-11,108.04,6.5,12.5,18.4,0.71,10.68
2014-12,392.78,6.7,10,13.2,0.27,3.73
2015-01,11.84,4.8,11.1,17.5,0.95,10.05
2015-02,189.03,6.4,12.9,19.5,1.16,12.23
2015-03,11.4,6.7,14.4,22.2,0.9,16.37
2015-04,58.16,5.6,13.5,21.5,0.86,16.38
2015-05,11.77,7.4,15.5,23.6,1.26,18.95
2015-06,1.5,11.9,21.7,31.5,2.68,35.52
2015-07,5.15,12.9,22.5,32.1,2.4,35.2
2015-08,0.94,12.4,21.8,31.3,2.01,33.73
2015-09,16.82,10.5,20.2,29.9,3.29,34.77
2015-10,4.98,9.8,18.4,26.9,2.01,25.48
2015-11,57.44,3,9.9,16.7,0.73,10.92
2015-12,264.63,2.8,6.9,11,0.29,3.7
2016-01,321.42,4.7,8.3,12,0.39,4.26
2016-02,41.97,5.3,11.9,18.6,0.95,12.67
2016-03,277.45,5.5,11.2,17,0.69,9.55
2016-04,38.49,6.5,13.8,21,0.97,15.86
2016-05,9.88,9,16.3,23.6,1.37,19.07
2016-06,9.41,10.9,19.9,28.9,2.46,28.28
2016-07,0,11.4,21.6,31.9,2.47,33.58
2016-08,0,11.2,21.4,31.7,2.28,32.63
2016-09,0,9.3,19.8,30.3,2.38,33.22
2016-10,203.23,7.9,14.5,21,0.92,14.61
2016-11,148.76,5.5,11.4,17.4,0.48,9.22
2016-12,174.84,0.6,6.6,12.6,0.58,6.75
2017-01,473.03,2.4,7.4,12.5,0.41,6.06
2017-02,407.86,5.1,9.5,13.9,0.54,6.33
2017-03,107.01,4.8,11.3,17.7,0.59,11.11
2017-04,124.16,5,11.6,18.1,0.74,12
2017-05,1.5,8.1,16.6,25.1,1.35,21.1
2017-06,6.49,11.3,20.2,29.1,2.04,28.57
2017-07,0,12.4,22.9,33.4,2.72,36.88
2017-08,0,13.9,24.4,34.9,3.44,44.54
2017-09,2.69,10.5,20.5,30.4,2.68,33.98
2017-10,14.19,7.3,16.8,26.4,2.75,28.75
2017-11,149.29,6.2,11.2,16.2,0.6,8.39
2017-12,4.84,3,9.4,15.8,2.3,11.65
2018-01,177.12,4.1,9,13.9,0.44,5.72
2018-02,10.79,1.5,9.3,17.1,1.17,13.63
2018-03,176.47,3.4,9.6,15.9,1,11.29
2018-04,128.71,6.1,13,19.8,1.47,15.39
2018-05,5.58,8.9,16.6,24.3,1.65,20.45
2018-06,0,10.3,20.1,29.8,2.79,32.19
2018-07,0,13.5,24.5,35.5,4.03,46.23
