Date,ppt (mm),tmin (degrees C),tmax (degrees C),vpdmin (hPa),vpdmax (hPa)
1895-01,9.52,-11.9,2.4,0.66,5.03
1895-02,19.7,-14.8,1.2,0.4,4.45
1895-03,15.58,-7.8,8.8,1,8.7
1895-04,26.53,-0.6,18,1.46,16.5
1895-05,74.71,3.2,19.6,1.5,16.82
1895-06,81.63,6.8,22.8,1.37,19.52
1895-07,42.19,10.1,26.3,2,24.22
1895-08,14.41,10.3,28.9,3.1,31.17
1895-09,10.9,5.4,25.8,2.4,27.21
1895-10,15.62,-1.8,16.4,1.6,15.01
1895-11,12.76,-8,8.1,0.78,7.96
1895-12,4.08,-10.7,4.6,0.7,6.18
1896-01,13.29,-9.2,8.2,0.8,8.43
1896-02,7.57,-9.2,7.8,0.88,8.2
1896-03,27.86,-7.4,7.3,0.97,7.44
1896-04,42.87,-1.8,15.9,1.19,13.91
1896-05,40.83,4.5,21.8,1.99,20.12
1896-06,54.88,9,27.2,2.57,27.68
1896-07,53.98,12.2,29.4,3.16,30.66
1896-08,37.26,11.1,29.3,3.28,31.3
1896-09,36.08,6.3,22,2.07,19.4
1896-10,14.15,-1.3,16.6,1.65,15.17
1896-11,4.15,-9.7,6.1,0.71,6.77
1896-12,2.9,-7.7,9,0.98,8.91
1897-01,6.13,-12.1,3.6,0.63,5.77
1897-02,15.87,-10,4.7,0.71,6.02
1897-03,47.82,-7.3,6.7,0.84,6.79
1897-04,34.87,-0.9,14.3,1.44,12.11
1897-05,48.92,5.4,23.2,2.17,22.07
1897-06,56.46,8.5,25.3,2.29,23.94
1897-07,50.58,10,28.5,2.57,29.59
1897-08,63.64,10.6,27.4,2.35,26.46
1897-09,13.32,8.3,26.3,2.76,26.73
1897-10,28.08,0.3,17.2,1.45,14.94
1897-11,10.64,-6.4,9.7,0.91,8.87
1897-12,14.59,-11.4,2.4,0.57,4.75
1898-01,10.44,-11.4,3.8,0.68,5.77
1898-02,4.46,-8,8.7,1.04,8.78
1898-03,13.16,-8.9,8.1,0.84,8.29
1898-04,28.54,-1.3,16.7,1.35,14.98
1898-05,109.12,3.7,16.6,0.97,11.8
1898-06,40.59,8.5,26.5,2.38,26.42
1898-07,37.41,11.3,29.4,2.97,31.2
1898-08,21.06,10.9,30.4,3.25,34.23
1898-09,23.52,3.7,24.8,1.9,25.59
1898-10,12.16,-1.4,15.1,1.56,13.34
1898-11,11.85,-9.5,6.2,0.71,6.79
1898-12,5.4,-12,3.2,0.62,5.46
1899-01,17.24,-11.7,3.8,0.61,5.68
1899-02,16.66,-19.1,-4.5,0.25,2.43
1899-03,27.65,-8.6,5.6,0.82,6.34
1899-04,20.26,-2.1,15.6,1.32,13.86
1899-05,34.5,2.6,20.4,1.75,18.55
1899-06,28.57,7.7,26.2,2.52,26.59
1899-07,47.15,11.2,29.1,2.78,30.39
1899-08,32.44,10.7,29.2,3.11,31.47
1899-09,9.24,5.8,26.1,2.58,27.88
1899-10,28.91,-0.5,15.7,1.45,13.4
1899-11,8.73,-4.2,13.1,1.14,11.75
1899-12,5.69,-10.4,5.1,0.67,6.32
1900-01,1.53,-8.1,7.7,0.93,7.96
1900-02,22.7,-11.9,2.9,0.56,5.07
1900-03,11.47,-5.2,11.1,1.27,10.33
1900-04,146.51,-0.9,12.9,0.89,9.93
1900-05,23.5,5.1,21.8,2.07,19.87
1900-06,23.31,9.7,28.2,3.05,29.94
1900-07,30.52,10.6,28.9,2.81,30.47
1900-08,11.13,10.1,30.6,3.22,35.5
1900-09,28.45,5.9,23.3,2.02,21.86
1900-10,6.25,0.4,19.3,1.92,18.34
1900-11,1.5,-6.2,10.9,0.94,9.93
1900-12,4.71,-8.3,8,0.86,8.12
1901-01,1.33,-10.7,6.4,0.7,7.3
1901-02,14.65,-13.2,1.4,0.49,4.42
1901-03,38.61,-6.6,8.6,0.94,8.14
1901-04,61.48,-1.4,13.5,1.17,11.08
1901-05,47.15,4.9,21.4,1.78,18.92
1901-06,53.38,8,24.9,2.07,23.11
1901-07,19.35,12.7,32.5,3.99,38.62
1901-08,22.48,11.7,29.6,2.93,31.23
1901-09,24.9,5.7,23.5,2.34,22.57
1901-10,10.63,0.6,18.5,1.87,17.03
1901-11,0.54,-5.2,13.5,1.06,12.32
1901-12,25.39,-9.2,4.1,0.7,5.43
1902-01,5.65,-11,4.2,0.72,5.93
1902-02,9.11,-7.7,6.8,1,7.2
1902-03,26.37,-5.8,8.4,0.99,7.81
1902-04,23.16,-1.5,15.6,1.44,13.77
1902-05,48.21,4.8,21,1.86,18.51
1902-06,40.33,8.1,26.4,2.28,26.46
1902-07,26.57,9.7,28,2.58,28.83
1902-08,17.59,11.4,29.5,3.48,31.95
1902-09,71.32,4.9,23.7,2.18,23.29
1902-10,13.93,0.6,17.4,1.83,15.58
1902-11,6.55,-5.3,9.8,1,8.77
1902-12,25.08,-9.5,3.3,0.63,4.93
1903-01,3.09,-8.1,5.7,0.95,6.54
1903-02,30.12,-16.5,-2.3,0.21,2.84
1903-03,16.22,-7,6,0.92,6.3
1903-04,23.65,-1.2,14.9,1.45,12.83
1903-05,28.58,1.9,19,1.5,16.61
1903-06,49.77,7,21.6,1.74,17.94
1903-07,45.38,10.6,29.2,2.52,30.87
1903-08,31.7,10.3,29.2,2.82,31.32
1903-09,24.98,4,23,1.78,22.08
1903-10,14.87,-0.4,18.5,1.84,17.4
1903-11,6.08,-6.8,10.9,0.88,10.05
1903-12,0.56,-8.8,8.6,0.89,8.76
1904-01,2.07,-11.7,5.5,0.69,6.91
1904-02,6.92,-7.7,9.7,1.1,9.59
1904-03,11.69,-5.2,12.3,1.35,11.59
1904-04,33.66,-1.6,16,1.44,14.27
1904-05,98.04,4.1,18.9,1.45,15.27
1904-06,56.69,7.2,22.6,1.74,19.4
1904-07,48.86,9.9,27.1,2.42,26.48
1904-08,28.75,10.3,28.4,3.05,29.81
1904-09,33.24,5.5,24.6,2.19,24.61
1904-10,8.52,0.1,17.9,1.63,16.19
1904-11,0,-6.3,14.3,0.96,13.26
1904-12,3.66,-8.3,8.2,0.92,8.43
1905-01,14.38,-9.9,3.1,0.78,5.18
1905-02,11.26,-14.1,0.5,0.5,4.2
1905-03,41.17,-2.6,11.3,1.29,9.56
1905-04,102.72,-1.5,12,0.98,9.41
1905-05,99.21,3.4,16.7,1.2,12.38
1905-06,22.56,9,25.5,2.7,24.45
1905-07,48.22,10.1,27,2.1,25.78
1905-08,31.72,10.6,29.2,3.12,31.43
1905-09,21.56,6,25.7,2.3,26.45
1905-10,37.46,-2.3,14.5,1.25,12.52
1905-11,3.08,-5.1,11.1,1.02,9.92
1905-12,0,-11.6,6.3,0.67,7.49
1906-01,3.86,-9,8.4,0.9,8.76
1906-02,3.75,-10.3,8.6,0.82,8.98
1906-03,54.71,-10.3,2.2,0.53,4.35
1906-04,76.14,0.3,15.8,1.34,13.02
1906-05,56.48,3.8,20,1.69,17.23
1906-06,36.88,7.1,23.7,2.12,21.73
1906-07,40.52,9.8,26.4,2.18,24.87
1906-08,34.79,10.1,28.1,2.89,29.23
1906-09,54.06,6.7,23.1,1.95,20.77
1906-10,52.41,-0.5,15.9,1.26,13.43
1906-11,21.34,-5.7,8.2,0.93,7.53
1906-12,5.03,-5.2,8.6,1.1,8.05
1907-01,5.26,-9.6,4.5,0.82,5.95
1907-02,10.39,-5.6,10,1.23,9.46
1907-03,14.09,-2.6,13.9,1.56,12.53
1907-04,24.02,-2.4,13.9,1.33,12.17
1907-05,47.5,1.6,16.1,1.34,12.84
1907-06,29.79,6.8,23.9,2,22.24
1907-07,57.61,11,28.9,2.44,29.69
1907-08,34.21,10.5,28.4,2.82,29.4
1907-09,21.02,5.7,24,2.16,23.34
1907-10,6.5,0.5,18.8,1.95,17.59
1907-11,7.7,-8.1,9.5,0.8,9
1907-12,7.59,-8.6,5.9,0.85,6.63
1908-01,2.72,-9.4,6.6,0.85,7.34
1908-02,4.31,-9.2,8.1,0.91,8.56
1908-03,6.49,-4.5,12.6,1.44,11.78
1908-04,19.45,-1.2,18,1.48,16.73
1908-05,121.74,2.2,18.3,1.19,15.03
1908-06,30.49,7,24,2,22.26
1908-07,57.02,10.5,28.1,2.22,28.18
1908-08,59.87,10.3,26.5,2.6,25.42
1908-09,12.59,5.9,26.1,2.72,27.81
1908-10,36.51,-0.6,15,1.33,12.55
1908-11,21.91,-8,8.6,0.75,8.19
1908-12,9.61,-10.3,3.1,0.64,5.01
1909-01,4.04,-8.2,5.5,0.97,6.48
1909-02,26.53,-10.4,5.3,0.61,6.26
1909-03,46.16,-5.4,6.8,0.95,6.48
1909-04,27.06,-3,12,1.3,10.41
1909-05,50.65,2,18,1.6,15.48
1909-06,58.34,8.4,25.3,1.62,23.08
1909-07,39.42,11.8,29.7,3.28,31.7
1909-08,42.26,12.1,29.8,3.01,31.34
1909-09,45.5,6.2,23.3,2.1,21.67
1909-10,6.75,-0.4,18.6,1.91,17.76
1909-11,14.31,-4.4,11,1.05,9.65
1909-12,17.98,-14.7,-1.4,0.45,3.36
1910-01,2.97,-10.8,3.9,0.73,5.76
1910-02,5.02,-11.6,5.6,0.73,6.98
1910-03,14.71,-2.7,18,1.58,17.36
1910-04,22.85,-0.3,18.9,1.58,17.64
1910-05,69.62,3.3,18.1,1.65,15
1910-06,20.04,8.4,27.3,3.01,28.84
1910-07,41.16,12.1,30.8,3.73,34.79
1910-08,18.53,10.6,28.7,3.55,30.83
1910-09,34.98,7,25.3,2.31,25.1
1910-10,17.43,0.6,20.7,2.06,20.47
1910-11,2.64,-3.6,12.6,1.29,11.2
1910-12,9.87,-7.8,6.9,0.92,7.27
1911-01,8.12,-8.6,7.7,0.91,8.01
1911-02,17.23,-9.9,4.5,0.76,5.93
1911-03,4.94,-4.2,13.2,1.4,12.17
1911-04,40.96,-1.2,15.8,1.45,13.95
1911-05,19.22,3.6,21.3,2.06,19.9
1911-06,37.58,9.5,27.6,2.87,28.57
1911-07,35.77,10.9,27.7,2.63,27.4
1911-08,23.19,9.7,28.4,3.06,30.28
1911-09,12.78,6.9,26.1,2.48,26.84
1911-10,30.57,-1.3,14.5,1.27,12.2
1911-11,5.49,-8.6,8.3,0.77,8.2
1911-12,10.45,-12.4,2.7,0.56,5.15
1912-01,12.24,-12,2.9,0.68,5.31
1912-02,31.05,-10,3.3,0.61,4.98
1912-03,37.52,-12,1.6,0.47,4.27
1912-04,42.12,-1.6,13.6,1.27,11.44
1912-05,51.22,2.9,19.7,1.6,17.31
1912-06,63.37,6.8,23.5,1.88,21.29
1912-07,73.68,10.7,27.3,2.05,25.95
1912-08,47.18,10.3,27.6,2.43,27.3
1912-09,63.2,3.2,18.5,1.31,15.08
1912-10,39.79,-0.9,16.1,1.32,13.84
1912-11,14.37,-5.3,10.8,1.02,9.64
1912-12,6.17,-10.6,4.6,0.62,5.97
1913-01,5.1,-12.6,3.6,0.6,5.77
1913-02,19.73,-14.8,-0.4,0.43,3.74
1913-03,15.08,-7.7,7.6,0.96,7.68
1913-04,32.06,-1.5,16,1.35,14.1
1913-05,50.39,4,20.6,1.84,18.28
1913-06,35.93,8,26,2.34,25.58
1913-07,65.33,10.4,28.6,2.56,29.45
1913-08,17.26,11.5,30.5,3.51,34.41
1913-09,49.02,4.7,21.7,1.47,19.05
1913-10,20.74,-1.6,14.3,1.24,12.07
1913-11,3.33,-4.8,13.1,0.98,11.71
1913-12,76.52,-14.1,-0.1,0.33,3.57
1914-01,0.42,-8,4.9,0.84,5.83
1914-02,6.39,-11.7,2.6,0.69,5.08
1914-03,15.22,-5.6,10,1.18,9.37
1914-04,62.74,-0.9,13.7,1.2,11.08
1914-05,53.78,4,19.9,1.56,16.92
1914-06,36.4,8.6,26.6,2.53,26.72
1914-07,36.67,11.3,29.3,2.9,30.76
1914-08,33.39,10.3,28.7,2.91,30.35
1914-09,5.62,5.6,25.9,2.49,27.45
1914-10,43.78,0.8,18.6,1.62,16.8
1914-11,0.81,-5.7,14.8,1.01,13.8
1914-12,6,-14.4,0.4,0.51,4.28
1915-01,6.46,-12.3,4.2,0.51,5.98
1915-02,26.27,-7.4,6.9,0.77,6.88
1915-03,40.49,-7.4,4.1,0.7,4.99
1915-04,91.23,2,16.3,1.43,13.07
1915-05,80.89,2.3,17.3,1.2,13.79
1915-06,52.72,7.1,22,1.99,18.65
1915-07,47.41,10,26.2,1.83,24.05
1915-08,67.68,9.2,25.5,1.71,23.07
1915-09,60.14,5.6,22.8,1.53,20.42
1915-10,41,0.3,18.5,1.54,16.68
1915-11,0,-4.6,11.5,1.01,10.02
1915-12,12.03,-9.3,6.5,0.75,7.14
1916-01,10.82,-14.8,-0.2,0.51,4
1916-02,7.13,-8.1,7.4,1.02,7.81
1916-03,12.52,-3.1,13.9,1.44,12.54
1916-04,24.87,-1.6,14.5,1.41,12.6
1916-05,64.23,1.8,19,1.46,16.62
1916-06,11.38,6.6,25.5,2.46,25.8
1916-07,37.29,12.3,31.1,3.03,34.33
1916-08,40.41,10.5,26.9,2.27,25.45
1916-09,11.62,4.5,23.6,1.94,23.06
1916-10,48.4,-1.2,14.6,0.97,11.67
1916-11,17.83,-8.3,7.7,0.69,7.46
1916-12,6.11,-13.2,0.9,0.53,4.3
1917-01,6.85,-12.8,2.1,0.59,4.94
1917-02,10.38,-8.9,5.3,0.9,6.37
1917-03,28.02,-9.3,5.3,0.76,6.19
1917-04,46.02,-2.6,11.7,1.17,9.78
1917-05,111.1,1.3,14.1,0.9,10.14
1917-06,19.48,6.5,25,2.37,24.83
1917-07,27.2,11.7,30.5,3.1,33.27
1917-08,33.8,9.4,26.9,2.55,26.61
1917-09,20.58,6.3,25.1,2.11,25.03
1917-10,14.02,-2.2,16.4,1.48,15.1
1917-11,4.53,-3.6,13.9,1.12,12.21
1917-12,5.58,-8.4,7,0.86,7.37
1918-01,11.23,-13.7,0.9,0.55,4.39
1918-02,20.09,-9.8,7.4,0.69,7.78
1918-03,18.09,-3.7,13.6,1.3,12.2
1918-04,70.59,-3.1,10.6,0.9,8.55
1918-05,42.33,3.3,20.7,1.66,18.52
1918-06,41.04,10.3,28.4,2.78,29.44
1918-07,72.54,10.7,28,1.69,26.87
1918-08,38.14,10.6,28.4,2.34,28.61
1918-09,62.32,5.4,20.6,1.54,17.2
1918-10,13.14,2.3,17.4,1.53,14.27
1918-11,11.25,-7.6,7.6,0.73,7.32
1918-12,21.92,-9.2,4.1,0.48,5.13
1919-01,1.36,-9.5,6.3,0.72,7.1
1919-02,13.4,-10.9,3.8,0.63,5.5
1919-03,17,-5.8,9.4,1,8.63
1919-04,31.58,-0.6,14.8,1.36,12.46
1919-05,18.26,3,21.1,1.69,19.46
1919-06,21.53,7.4,27.5,2.22,29.2
1919-07,38.79,12.7,31.1,2.74,33.85
1919-08,15.07,11.1,29.9,2.81,32.34
1919-09,59.22,7.9,24.5,1.92,22.47
1919-10,24.08,-2,13.3,0.92,10.6
1919-11,28.95,-8.1,6.1,0.67,6.32
1919-12,15.78,-10.6,3.2,0.59,5.08
1920-01,6.92,-7.9,6,0.86,6.54
1920-02,11.65,-8.3,5.4,0.88,6.27
1920-03,14.35,-7.5,8.7,0.89,8.36
1920-04,101.57,-4.8,8,0.66,6.69
1920-05,37.67,3.9,18.8,1.27,14.95
1920-06,35.42,8.1,24.3,1.9,21.92
1920-07,26.37,10.8,29,2.31,29.71
1920-08,48.46,9.8,26.7,2.02,25.43
1920-09,19.35,5.7,23.7,1.87,22.49
1920-10,14.25,-0.4,17.7,1.33,15.68
1920-11,5.75,-7.2,7.2,0.72,6.87
1920-12,8.27,-9.6,4.5,0.6,5.7
1921-01,26.26,-9.4,4.9,0.63,5.83
1921-02,6.16,-8.3,5.8,0.91,6.53
1921-03,13.4,-4.3,12.8,1.34,11.64
1921-04,44.43,-2.8,13.2,1.04,11.15
1921-05,43.94,4.1,19.2,1.48,15.66
1921-06,83.17,9.7,25.4,1.87,22.69
1921-07,43.85,11.8,29.7,2.73,31.06
1921-08,50.57,11.5,28.2,2.64,27.75
1921-09,12.92,5.9,25.4,2.25,25.9
1921-10,12.54,1.9,20.4,2.13,19.5
1921-11,7.71,-4.7,11.7,1.04,10.36
1921-12,19.41,-8.2,5.8,0.7,6.22
1922-01,8.98,-13.9,1,0.49,4.39
1922-02,9.08,-11.6,4,0.61,5.75
1922-03,10.28,-6.9,9.5,0.98,8.99
1922-04,76.19,-2.2,12.4,0.9,9.93
1922-05,38.62,3.6,20,1.57,17.31
1922-06,20.04,9.1,27.7,2.6,28.68
1922-07,41.09,10.7,28.9,2.37,29.87
1922-08,34.6,12.8,30.1,2.41,30.58
1922-09,3.73,6.8,26.5,2.27,27.56
1922-10,1.78,-0.6,18.9,1.6,17.71
1922-11,46.32,-6.3,7.3,0.72,6.73
1922-12,5.3,-8.5,5.5,0.76,6.2
1923-01,2.15,-6.7,7.6,1.01,7.56
1923-02,17.35,-12.7,3.3,0.54,5.43
1923-03,36.1,-8.9,5.5,0.68,6.09
1923-04,36.22,-2.1,13.8,1.2,11.7
1923-05,65.2,4,18.5,1.27,14.53
1923-06,96.79,8.6,23.7,1.49,19.93
1923-07,67.09,12.8,28.6,2.2,26.96
1923-08,46.07,11.1,26.6,1.81,23.82
1923-09,29.55,5.6,22.9,1.31,20.3
1923-10,64.83,-0.7,11.5,0.63,7.99
1923-11,8.3,-5.2,10.9,0.85,9.51
1923-12,7.71,-10.2,5.2,0.63,6.34
1924-01,6.09,-13.7,2.3,0.5,5.09
1924-02,14.37,-7.1,7.7,0.88,7.53
1924-03,36.44,-10.3,1.4,0.43,3.71
1924-04,23.12,-2.7,14.3,1.16,12.41
1924-05,75.6,1.5,17.5,1.27,14.66
1924-06,7.89,7.4,26.4,2.44,27.15
1924-07,18.36,10.3,29.2,2.31,30.79
1924-08,5.39,10.1,30.3,3.07,34.39
1924-09,52.2,4.6,22.9,1.54,21.28
1924-10,35.58,1.5,18.1,1.29,15.21
1924-11,5.4,-5.3,12.2,0.9,10.81
1924-12,17.02,-13.8,0.9,0.37,4.15
1925-01,3.17,-11.7,3,0.58,5.26
1925-02,2.6,-6.4,9.6,1.1,9.22
1925-03,13.2,-5.2,12.5,1.12,11.4
1925-04,22.8,0.1,17.9,1.45,15.91
1925-05,33.18,4.6,21,1.79,18.57
1925-06,55.74,9.1,25.9,2.1,24.32
1925-07,56.79,12.6,29.7,2.58,30.15
1925-08,40.93,11,26.7,2.34,24.74
1925-09,23.6,7.3,24.2,2.16,22.54
1925-10,56.73,-2.1,10.7,0.91,8.35
1925-11,17.21,-5.8,8.6,0.81,7.68
1925-12,33.35,-9.5,4.2,0.51,5.24
1926-01,11.9,-10.8,2.3,0.5,4.52
1926-02,9.25,-5.8,7.7,1.14,7.5
1926-03,22.69,-6.1,9,0.97,8.35
1926-04,37.81,-1.6,14.1,1.21,11.95
1926-05,53.71,4.7,20.7,1.32,17.4
1926-06,37.32,8.4,25.1,1.56,22.82
1926-07,48.13,11.1,28.1,1.81,27.08
1926-08,27.95,10.4,29.7,2.14,31.72
1926-09,21.2,5.1,23,2.03,21.95
1926-10,27.82,0.3,18.8,1.55,17.23
1926-11,15.53,-3.7,9.9,1.12,8.57
1926-12,14.29,-11.7,2.4,0.29,4.47
1927-01,2.6,-8.5,6.5,0.92,7.14
1927-02,16.08,-8.2,7.1,0.8,7.26
1927-03,50.79,-6.7,6.7,0.75,6.43
1927-04,70.73,-1.5,14,1.07,11.43
1927-05,32.88,3.8,21.6,1.81,19.9
1927-06,71.82,8.2,23.7,1.65,20.4
1927-07,52.52,10.9,28.3,1.9,27.78
1927-08,50.85,9.9,25.1,1.48,21.34
1927-09,27.38,6.3,23.2,1.94,21.32
1927-10,22.19,0.8,19.2,1.58,17.44
1927-11,9.28,-2.9,12,1.21,10.25
1927-12,4.15,-13.3,1.7,0.58,4.78
1928-01,4.6,-8,6.2,0.9,6.77
1928-02,12.91,-9.6,6.2,0.72,6.89
1928-03,25.49,-5.5,10.2,1.05,9.28
1928-04,16.85,-3.2,14,1.23,12.41
1928-05,74.98,4.9,20,1.31,16.24
1928-06,59.21,6.5,20.5,1.08,15.6
1928-07,57.22,11,28.4,2.17,28.14
1928-08,17.85,10.1,28.5,2.78,29.99
1928-09,5.63,4.9,23.8,1.97,23.19
1928-10,24.4,0.7,15.6,1.31,12.59
1928-11,25.73,-5.5,8.4,0.83,7.47
1928-12,1.55,-11.2,2.7,0.53,4.83
1929-01,3.53,-12.2,1.7,0.71,4.78
1929-02,14.27,-15.6,-0.8,0.35,3.57
1929-03,34.89,-5.1,8.1,1.02,7.35
1929-04,75.1,-1.5,13,0.97,10.3
1929-05,30.72,2.9,18.5,1.59,15.66
1929-06,27.43,7.7,26.1,2.36,26.31
1929-07,36.62,12.1,30,2.62,31.38
1929-08,44.29,12.6,29.1,2.28,28.34
1929-09,54.95,5.6,20.4,1.57,16.67
1929-10,34.83,0.9,16.8,1.27,13.87
1929-11,24.88,-10.4,2.8,0.48,4.54
1929-12,0.6,-7.9,6.4,0.78,6.69
1930-01,10.72,-18.5,-4.7,0.37,2.47
1930-02,10.16,-5,8.5,1.18,7.95
1930-03,14.57,-7.5,7.6,0.92,7.56
1930-04,37.66,1.7,18.8,1.67,16.7
1930-05,78.49,2.6,17.3,1.1,13.46
1930-06,20.03,8,26.9,2.76,27.96
1930-07,34.22,12.8,30,3.15,31.52
1930-08,122.51,12.3,27.5,1.41,23.92
1930-09,26.75,6.2,23.7,2.09,22.34
1930-10,31.8,0.1,15.6,1.2,12.71
1930-11,14.75,-6.3,10.5,0.74,9.36
1930-12,2.71,-10.7,5.2,0.53,6.29
1931-01,0,-9,7.2,0.75,7.59
1931-02,20.66,-6.7,8.3,0.92,8.01
1931-03,28.52,-6.9,7.3,0.88,7.16
1931-04,26.03,-1.6,14.8,1.31,12.75
1931-05,52.56,2.6,18.7,1.44,15.82
1931-06,34.42,10.2,28.4,2.78,29.55
1931-07,19.11,12.9,31.6,3.51,35.66
1931-08,27.64,11.3,29.2,2.26,29.8
1931-09,17.45,8.6,26.7,2.58,26.88
1931-10,26.25,1.7,18,1.6,15.44
1931-11,7.06,-7.7,8.8,0.67,8.23
1931-12,8.6,-9.2,6.2,0.65,6.8
1932-01,4.05,-11.9,2.2,0.68,5.04
1932-02,13.78,-7.4,7.9,0.96,7.98
1932-03,26.62,-9.9,4.9,0.66,6.01
1932-04,39.29,-0.5,16.4,1.32,14.11
1932-05,37.43,4.8,20.7,1.86,17.95
1932-06,40.12,8.4,25.1,2.15,23.35
1932-07,32.78,12.9,31.4,3.48,34.94
1932-08,35.75,12.3,29.8,2.87,31.2
1932-09,4.8,5.9,24.5,1.98,23.9
1932-10,7.2,-1.3,15.3,1.37,13.21
1932-11,1.41,-4.7,11.3,1.06,9.95
1932-12,6.95,-15,-1,0.35,3.4
1933-01,1.2,-9.5,6.1,0.69,6.81
1933-02,3.47,-14,2.6,0.56,5.37
1933-03,21.26,-4.9,11.1,1.17,9.99
1933-04,87.07,-2.9,13.2,0.8,10.77
1933-05,82.92,3.2,17.7,1.23,13.84
1933-06,8.94,10.8,29.3,3.13,31.63
1933-07,25.8,13.4,31.6,3.53,35.01
1933-08,44.45,11.4,27.6,2.03,25.99
1933-09,41.93,8.5,25.9,2.04,24.83
1933-10,0,1.1,20.5,1.96,19.79
1933-11,2.19,-4.2,13.4,1.06,11.86
1933-12,12.6,-4.7,10.3,1.06,9.22
1934-01,1.83,-6.4,9.2,1.06,8.83
1934-02,27.63,-7.3,7.4,0.79,7.23
1934-03,14.42,-3.9,12,1.37,10.88
1934-04,24.68,-0.2,16.5,1.49,14.39
1934-05,35.9,7.1,25.6,2.26,25.51
1934-06,31.24,9.4,28,2.9,29.22
1934-07,27.01,13.4,33.1,4,39.76
1934-08,23.99,12.3,30.4,3.04,32.46
1934-09,21.31,3.7,23.1,1.88,22.55
1934-10,0,2,21.2,2.06,20.5
1934-11,0.91,-3.8,12.8,1.06,11.12
1934-12,0.87,-8.5,7.9,0.81,8.07
1935-01,0.8,-9,9.4,0.79,9.31
1935-02,11.43,-8.1,8.9,0.88,8.77
1935-03,15.01,-5.1,11.6,1.22,10.67
1935-04,69.43,-2.1,13.1,1.06,10.77
1935-05,134.85,2.6,14.3,0.63,9.32
1935-06,27.76,8.1,25.2,2.14,24
1935-07,33.47,12.6,31.6,3.54,35.93
1935-08,17.22,12.3,30.2,3.5,32.98
1935-09,45.5,6.4,23.9,2.08,22.53
1935-10,8.98,-0.1,16.9,1.83,15.24
1935-11,8.1,-6.5,7.4,0.9,7.15
1935-12,0.99,-9,6.6,0.83,7.34
1936-01,4.65,-10.2,4,0.81,5.84
1936-02,9.08,-15.8,0.8,0.44,4.53
1936-03,20.48,-5.7,10.7,1.17,9.96
1936-04,31.98,-1.1,15.7,1.5,13.88
1936-05,38.72,5.4,22.4,1.85,20.35
1936-06,51.43,10.9,28.2,3,28.8
1936-07,28.15,13.5,33,4.15,39.83
1936-08,34,12.3,30.2,3.11,32.48
1936-09,26.45,6.8,25.1,2.44,24.93
1936-10,18.69,0.2,15.2,1.64,12.93
1936-11,6.71,-5.9,11.1,1.05,10.21
1936-12,7.56,-8.1,6.5,0.79,6.91
1937-01,8.54,-18.9,-3.8,0.38,2.89
1937-02,8.08,-10.2,4.8,0.8,6.28
1937-03,26.48,-6.4,7.5,0.95,7.23
1937-04,28.48,-1.7,14.8,1.32,12.8
1937-05,42.2,4.7,21.2,1.9,18.95
1937-06,67.04,8.4,23.9,2.17,21.24
1937-07,48.73,12.4,30.8,3.49,33.96
1937-08,17.02,12.8,32.2,3.74,37.76
1937-09,17.2,7.8,26.2,2.8,26.92
1937-10,10.96,1.4,17.8,1.69,15.62
1937-11,11.08,-5.8,9.4,0.95,8.54
1937-12,25.6,-10.1,3.6,0.56,5.09
1938-01,7.8,-8.5,4.2,0.87,5.55
1938-02,5.6,-8.4,6.6,0.97,7.27
1938-03,27.86,-2.8,10.8,1.3,9.27
1938-04,64.28,-1.1,15,1.24,12.65
1938-05,76.2,4,18.1,1.48,14.32
1938-06,44.28,9,25.8,2.45,24.66
1938-07,38.89,11.7,29.7,3.19,31.91
1938-08,33.09,12.6,30.8,3.39,33.63
1938-09,112.61,8.3,24.5,1.72,21.95
1938-10,7.89,2,19.5,2.03,17.93
1938-11,12.27,-7.3,7.6,0.79,7.37
1938-12,10.19,-9.8,4.3,0.62,5.55
1939-01,12.73,-7.3,4.7,0.96,5.68
1939-02,15.62,-13.6,0.9,0.49,4.32
1939-03,27.22,-5.2,9.3,1.13,8.52
1939-04,23.98,-0.5,15.5,1.54,13.46
1939-05,29.17,5,23,2.21,22.02
1939-06,20.17,7.8,26.8,2.65,27.79
1939-07,8.84,12.6,32.9,4.05,39.93
1939-08,18.47,10.4,29.6,3.53,33.24
1939-09,13.44,7.9,26.5,2.87,27.49
1939-10,6.29,0.6,18.8,1.78,17.36
1939-11,0,-5.9,12.9,1.05,11.91
1939-12,6.04,-6.5,9.8,1,9.27
1940-01,21.21,-13.8,-1.3,0.53,3.35
1940-02,10.9,-7,4.7,1.02,5.68
1940-03,30.06,-3,11.5,1.3,10.02
1940-04,44.2,-0.7,15.2,1.31,12.84
1940-05,35.85,4.6,21.5,2.19,19.47
1940-06,21.66,9.4,28.8,3.56,31.86
1940-07,47.22,12.9,31.4,3.63,35.48
1940-08,10.53,11,29.6,3.29,32.44
1940-09,65.31,9.6,24.3,2.02,21.01
1940-10,14.02,2,19.2,1.86,17.18
1940-11,8.64,-7.6,7.4,0.8,7.23
1940-12,7.8,-7.8,6.2,0.79,6.54
1941-01,10.19,-8.8,6.3,0.77,6.83
1941-02,4.23,-7,6.7,1.06,6.92
1941-03,29.79,-5.7,6.9,0.82,6.47
1941-04,78.18,-0.6,12.8,0.98,9.71
1941-05,35.7,5.6,21.5,1.75,18.82
1941-06,68.39,8.2,24,1.22,20.73
1941-07,41.58,11.6,29.4,2.84,30.56
1941-08,50.52,11.5,28.4,2.53,28.38
1941-09,39.08,5.2,22.8,1.96,21.38
1941-10,23.53,1.1,15.1,1.31,11.81
1941-11,4.05,-5.4,11.9,0.98,10.65
1941-12,15.51,-9.1,6.7,0.76,7.25
1942-01,12.5,-13.8,2.2,0.55,5.03
1942-02,20.08,-14.3,-0.1,0.3,3.53
1942-03,15.07,-7.1,7.5,0.85,7.29
1942-04,102.31,0.4,16.8,1.09,14.1
1942-05,65.67,2.5,18.7,1.44,16.01
1942-06,58.65,8.9,23.2,1.96,19.83
1942-07,38.35,11.6,30.4,3.46,34.17
1942-08,19.79,11.1,28.6,3.11,30.28
1942-09,24.83,5.4,23.3,2.05,22.31
1942-10,77.48,1.2,16.7,1.48,14.29
1942-11,19.07,-5.4,11.7,0.99,10.38
1942-12,1.41,-7.1,6.6,0.91,6.81
1943-01,3.89,-9.3,6.5,1,7.25
1943-02,9.5,-6.9,10.1,1.17,9.47
1943-03,20.57,-8.8,6.9,1.09,7.56
1943-04,37.89,2.1,18.5,1.92,15.83
1943-05,107.94,2.9,16.9,1.39,13.02
1943-06,27.82,8.2,24.7,2.44,23.02
1943-07,27.58,12,31.4,4.01,36.02
1943-08,16.39,12.5,31.1,3.88,35.08
1943-09,2.4,4.7,25.2,2.82,25.72
1943-10,9.18,-0.6,19.1,2.03,17.94
1943-11,0.97,-5.8,11.4,1.06,9.78
1943-12,4.36,-8.5,6.4,0.83,6.59
1944-01,15.62,-11.3,5.6,0.7,6.45
1944-02,9.67,-9.2,5.1,0.77,5.86
1944-03,43.92,-7.8,5.8,0.71,5.7
1944-04,69.77,-2.2,10.9,0.79,8.11
1944-05,43.48,4,20.9,1.82,18.17
1944-06,25.57,8,25.4,2.4,24.06
1944-07,59.29,10.8,29.2,2.66,29.73
1944-08,10.2,10.9,30.9,3.69,35.61
1944-09,4.27,4.6,25.6,2.43,26.37
1944-10,2.91,0.3,19.6,2.03,18.03
1944-11,17.63,-5.4,10.6,0.96,9.44
1944-12,8.45,-11.2,4.7,0.65,5.88
1945-01,17.91,-9.1,5.3,0.75,5.98
1945-02,13.03,-8,5,0.72,5.47
1945-03,15.16,-5.9,10.9,1.13,9.86
1945-04,73.74,-4.1,10.5,0.78,8.75
1945-05,54.97,3.1,20.1,1.68,17.54
1945-06,71.11,6.5,21.7,1.35,17.67
1945-07,38.46,11.2,29.5,2.6,30.82
1945-08,58.29,11.8,28.7,2.36,28.13
1945-09,31.09,4.3,23.1,2.13,22.94
1945-10,15.48,0.6,18.7,1.78,16.85
1945-11,1.41,-5,11.7,1.1,10.38
1945-12,6.82,-10.2,4.2,0.84,5.86
1946-01,2.69,-10.1,7,0.76,7.35
1946-02,5.07,-9.5,8.4,0.83,8.41
1946-03,23.78,-3.9,13.2,1.3,11.59
1946-04,17.18,1.6,19.9,1.98,18.41
1946-05,77.25,2.8,16.6,1.42,12.81
1946-06,32.45,8.2,27,2.84,27.71
1946-07,42.23,12.1,30.9,3.31,34.23
1946-08,42.21,11.4,28.5,2.44,28.22
1946-09,25.79,5.8,24.3,1.92,23.07
1946-10,35.24,0,15.1,1.02,11.98
1946-11,30.04,-7.2,6.4,0.64,6.16
1946-12,1.1,-6,8.2,1.08,7.76
1947-01,8.18,-9.9,5.3,0.79,6.38
1947-02,16.16,-11,4.2,0.66,5.71
1947-03,20.74,-7.4,7.1,0.87,7.01
1947-04,33.93,-0.9,13.4,1.32,10.74
1947-05,73.67,3.8,19,1.59,15.24
1947-06,96.75,7,22.7,0.8,18.35
1947-07,28.79,11.6,30.1,2.85,31.79
1947-08,24.04,12.1,30.6,3.25,33.56
1947-09,15.91,7.5,27.1,2.7,28.67
1947-10,46.03,2.9,19.6,1.47,17.09
1947-11,17.79,-8.1,5.4,0.58,5.68
1947-12,10.53,-7.7,6.5,0.81,6.59
1948-01,14.52,-11.5,3,0.53,4.55
1948-02,12.01,-11.8,2.8,0.54,4.29
1948-03,19.49,-9.1,6.1,0.72,6.86
1948-04,28.47,-0.2,17.7,1.53,15.3
1948-05,44.21,4.2,21.6,1.45,18.45
1948-06,52.91,9.4,25.3,1.29,20.9
1948-07,30.02,11.2,30.7,2.74,31.92
1948-08,20.5,10.6,30.3,2.7,31.89
1948-09,10.24,7.7,28,2.83,29.2
1948-10,11.62,-0.4,18.3,1.62,16.01
1948-11,2.32,-6.1,8.1,0.91,7.47
1948-12,10.83,-11,4.2,0.53,5.37
1949-01,34.3,-17.2,-2.7,0.37,2.75
1949-02,1.39,-11.8,4,0.7,5.59
1949-03,40.18,-5,9.1,0.66,7.53
1949-04,28.86,-0.1,16.1,1.14,13.41
1949-05,92.23,5.2,19.7,1.14,14.36
1949-06,104.51,9.1,24.1,1.86,19.65
1949-07,23.87,12,30.2,2.71,30.3
1949-08,18.04,10.9,30.2,1.94,31.15
1949-09,9.63,5.8,24.9,1.66,22.84
1949-10,25.91,-0.1,15.7,0.72,12.26
1949-11,0,-2,16.5,1.58,14.19
1949-12,2.78,-10.7,6.5,0.81,7.09
1950-01,7.89,-12.7,4.7,0.97,6.52
1950-02,3.89,-7.5,9.4,1.08,8.65
1950-03,11.59,-6.8,9.2,1.14,8.72
1950-04,37.89,-1.9,15.4,1.11,12.85
1950-05,62.43,1.6,17.2,1.34,13.78
1950-06,27.25,7.9,26.3,2.8,25.67
1950-07,50.71,10.6,27.5,1.79,24.85
1950-08,11.08,8.7,28.4,2.28,29.04
1950-09,44.17,6.4,22,0.75,17.53
1950-10,4.08,1.9,21.4,1.87,19.88
1950-11,11.47,-5.6,10,0.96,8.72
1950-12,1.16,-7,8.4,0.9,7.4
1951-01,14.34,-11.4,3.8,0.82,5.96
1951-02,9.41,-9.6,6.4,0.74,6.57
1951-03,11.59,-8.4,8.2,0.88,8.09
1951-04,40.01,-2.9,12.4,0.83,9.87
1951-05,55.25,4.2,19.7,1.14,15.09
1951-06,45.05,6.1,21.7,0.81,16.71
1951-07,40.73,11.5,29.6,2.15,29.85
1951-08,65.85,10.8,27.9,1.75,25.75
1951-09,30.74,4.8,23,1.25,19.85
1951-10,51.01,-0.2,15.8,0.83,12.75
1951-11,9.6,-7.8,8.4,0.7,7.65
1951-12,10.69,-10.6,3.5,0.74,5.04
1952-01,1.28,-10.5,4.8,0.84,5.88
1952-02,9.85,-8.4,7.2,0.89,7.37
1952-03,35.25,-8.7,5.3,0.58,5.6
1952-04,26.22,-1.4,15.8,0.85,13.1
1952-05,79.91,4.1,19.7,0.74,14.82
1952-06,31.3,10.1,29.3,3.05,30.22
1952-07,23.24,10.9,30.6,3.69,33.16
1952-08,34.77,11.5,30,2.22,30.52
1952-09,6.22,6.2,27,2.13,27.38
1952-10,4.94,-0.6,20,1.95,18.49
1952-11,19.88,-8.9,6.6,0.92,7.64
1952-12,5.78,-9.3,4.4,0.57,4.85
1953-01,4.89,-5.6,9.7,1.09,8.11
1953-02,21.3,-9.7,6,0.74,6.27
1953-03,16.42,-5.1,13.1,1.1,11.6
1953-04,39.71,-3.8,11.9,0.74,9.89
1953-05,44.43,2.4,17.6,1.15,14.19
1953-06,38.04,9.3,27.5,2.19,26.64
1953-07,52.6,12.5,31,2.12,31.4
1953-08,37.01,11.1,28.8,1.92,27.1
1953-09,3.47,6.5,27.4,3.24,28.35
1953-10,5.08,1.2,20,1.93,18.27
1953-11,11.98,-4.1,12,0.91,10.16
1953-12,7.17,-9.4,5.6,0.63,5.7
1954-01,3.11,-8.3,7.9,1.04,7.69
1954-02,1.63,-5.1,14.1,1.43,12.91
1954-03,28.52,-8.3,7.3,0.77,7.2
1954-04,8.16,-0.2,19.2,1.6,17.55
1954-05,42.56,3.5,19.5,1.07,16.12
1954-06,20.79,8.6,28,2.84,29.39
1954-07,44.71,13.6,32.9,4.3,37.96
1954-08,35.91,11.3,30.1,2.69,31.58
1954-09,20.95,7.8,27.1,2.34,27.37
1954-10,8.3,0.4,17.6,1.26,15.25
1954-11,6.42,-4.3,13.6,1.13,11.51
1954-12,10.23,-8.4,7.2,0.84,7.03
1955-01,11.15,-12.4,2,0.41,3.86
1955-02,17.37,-12.8,2,0.61,4.61
1955-03,22,-8,7.7,1.01,8.09
1955-04,21.02,-1.5,16.7,2.06,15.44
1955-05,64.29,4.3,21.6,2.28,19.85
1955-06,52.29,7.8,23.1,1.63,19.78
1955-07,29.46,12.3,31.7,4.37,36.38
1955-08,44.61,12.8,29.8,2.56,29.28
1955-09,36.02,6.5,25.3,2.65,26.31
1955-10,7.18,1,19.6,2.28,18.12
1955-11,23.4,-7.5,6.9,1,6.84
1955-12,6.59,-8.2,5.7,0.8,5.67
1956-01,11.58,-7.9,6.4,1.14,7.1
1956-02,12.39,-12.6,2,0.69,4.41
1956-03,13.96,-6.7,10.2,1.48,10.53
1956-04,27.29,-2.5,14.5,1.37,12.65
1956-05,49.25,5.4,21.4,1.7,18.48
1956-06,15.33,9.9,30.3,4.11,35.02
1956-07,46.69,11.5,30.1,3.73,32.19
1956-08,44.01,10.4,28,3.12,28.22
1956-09,1.96,5.8,27.4,3.54,30.15
1956-10,1.88,0.6,20.6,2.32,20.07
1956-11,26.28,-6.7,8.1,1.04,7.69
1956-12,9.57,-6.9,7.3,1.09,7.24
1957-01,8.61,-13.6,1.1,0.61,4.2
1957-02,6.11,-6.4,9.8,0.98,8.55
1957-03,23.81,-5.9,9.1,0.76,7.91
1957-04,67.3,-2.5,10.2,0.4,7.43
1957-05,129.05,3.6,17.1,0.63,11.88
1957-06,48.09,8.4,24.8,1.85,22.43
1957-07,54.91,12.5,30.6,2.86,31.68
1957-08,45.24,12.1,29.1,2.2,27.61
1957-09,18.69,5,23.1,1.4,21.28
1957-10,36.98,2.6,15.7,0.78,11.75
1957-11,10.2,-5.9,7,0.52,6.23
1957-12,0,-6,10.2,1.19,9.41
1958-01,3.22,-9.7,7.2,0.74,7.34
1958-02,11.46,-6.8,8.6,0.82,8.31
1958-03,39.72,-8.2,3.8,0.4,4.43
1958-04,40.54,-1.4,12.3,1.04,10.36
1958-05,84.1,6.3,22.5,1.63,19.73
1958-06,48.82,9.6,26.5,1.71,24.73
1958-07,49.89,10.8,27.9,1.53,26.23
1958-08,23.73,12.2,30.7,3.42,33.71
1958-09,20.27,7,26.1,2.03,26.27
1958-10,6.52,1.3,19.4,2.45,18.99
1958-11,8.26,-5.7,11.1,0.97,9.93
1958-12,20.89,-7.4,6,0.72,5.66
1959-01,13.11,-10,4.5,0.68,5.62
1959-02,13.15,-10.1,2.3,0.54,3.92
1959-03,45.1,-5.9,8.1,0.87,7.47
1959-04,36,-2.6,13.1,1.03,11.84
1959-05,76.37,4.5,19.2,1.14,15.71
1959-06,33.97,10,28.5,2.73,30.05
1959-07,16.53,10.7,30.4,3.07,33.89
1959-08,17.76,12.4,30.6,3.37,33.86
1959-09,48.36,5.9,23.3,2.49,23.51
1959-10,52.13,-0.6,14.7,0.92,11.75
1959-11,0,-7.7,9.7,0.99,8.89
1959-12,0,-7.3,9.1,0.9,8.42
1960-01,9.8,-11.1,3.4,0.57,5.44
1960-02,17.1,-10.7,1.4,0.54,4.63
1960-03,14.16,-6.7,8.4,0.85,8.98
1960-04,27.65,0.2,17.3,1.54,16.33
1960-05,58.22,3.6,20.7,1.7,18.82
1960-06,25.1,9.3,27.4,2.55,27.85
1960-07,25.2,11.7,30.9,3.99,35.02
1960-08,9.85,10.9,30.8,4.33,35.68
1960-09,14.91,7.6,26.1,3.02,26.63
1960-10,36.63,1.5,18.1,2.06,16.01
1960-11,9.89,-5.2,10.6,1.28,9.55
1960-12,11.67,-9.3,4.5,0.65,5.22
1961-01,2.1,-9.8,6.9,1.26,7.79
1961-02,8.92,-7.4,9,1.11,8.8
1961-03,64.18,-5.3,7.9,0.65,6.87
1961-04,19.79,-2.1,13.6,0.88,11.71
1961-05,93.42,4.3,19.3,0.61,14.61
1961-06,56.27,9.1,26.3,2.79,25.06
1961-07,56.9,11.6,29.7,2.81,31.15
1961-08,33.01,12.3,29.4,2.62,29.06
1961-09,74.57,4.3,20.3,1.41,17.32
1961-10,10.56,0.1,16.9,1.92,15.04
1961-11,8.65,-6.8,7.7,0.86,7.13
1961-12,1.68,-11.1,3.2,0.68,5.43
1962-01,20.02,-15.9,0.1,0.54,4.2
1962-02,14.86,-8.1,5.9,1.03,7.51
1962-03,11.26,-7.8,7.3,0.9,7.56
1962-04,15.81,-0.2,17.4,1.48,15.64
1962-05,69.84,5,21.9,1.95,19.72
1962-06,61.36,8.2,24.6,0.61,20.59
1962-07,61.4,10.9,28.7,1.1,26.72
1962-08,20.93,10.3,30.3,3.75,33.6
1962-09,12.38,6.1,24.9,1.81,23.69
1962-10,14.84,2,19.6,1.77,17.26
1962-11,11.09,-3.3,12.7,1.04,10.51
1962-12,3.39,-7.8,8,0.74,7.57
1963-01,13.35,-16.5,-0.2,0.55,4.3
1963-02,6.15,-5.8,9.5,0.96,8.6
1963-03,25.85,-5.9,9.3,1.11,9.03
1963-04,21.64,-0.4,16.6,1.19,14.38
1963-05,19.29,4.9,23.3,1.61,21.92
1963-06,82.16,9.8,27.5,2.68,27.95
1963-07,19.93,13.5,32.6,3.62,37.13
1963-08,66.64,12.8,28.4,1.89,25.29
1963-09,52.65,9.4,26.2,1.27,22.74
1963-10,15.73,4.1,22.1,2.24,20.36
1963-11,1.66,-4.3,12.9,1.08,10.81
1963-12,9.22,-11,4.8,0.72,6.22
1964-01,2.27,-9,5.9,1.16,7.06
1964-02,9.01,-11,3.9,0.78,5.44
1964-03,19.42,-8.9,6.3,0.81,6.91
1964-04,46.37,-1.3,14.2,1.21,12.32
1964-05,43.6,4.9,21.9,2.71,21.03
1964-06,35.98,8.1,24.9,2.27,23.46
1964-07,18.83,13.3,33,4.85,39.59
1964-08,16.43,10.5,29.1,3.56,31.43
1964-09,13.31,5.3,25.1,2.29,25.38
1964-10,3.31,0,19.9,2.68,19.21
1964-11,3.34,-5.1,10,1.33,9.46
1964-12,0.89,-8.8,6.2,1.16,6.76
1965-01,12.02,-7.4,7.8,0.91,7.67
1965-02,13.26,-10.6,4.8,0.81,5.98
1965-03,18.15,-11.3,3.6,0.63,5.45
1965-04,19.71,0.7,16.6,1.65,14.47
1965-05,76.53,4.1,20,1.77,17.17
1965-06,96.45,9.1,23.7,1.34,18.96
1965-07,71.81,12.4,29.7,2.4,29.8
1965-08,20.06,10.7,28,2.6,28.21
1965-09,57.5,3.9,18.6,1.16,14.93
1965-10,15.21,2.4,20.4,2.15,19.04
1965-11,0,-2.6,13.3,1.38,11.37
1965-12,8.15,-7.7,7.8,1.03,7.99
1966-01,4.35,-11.8,4.1,0.82,6.2
1966-02,10.47,-11.2,4,0.67,5.66
1966-03,5.4,-5.1,13.4,1.58,12.86
1966-04,24.53,-2.7,14.6,1.12,12.79
1966-05,7.83,3.6,23.6,2.67,24.18
1966-06,50.51,8.6,25.9,2.65,25.69
1966-07,35.58,14.5,32.6,3.67,36.95
1966-08,30.47,10.9,28.6,2.25,28.93
1966-09,45.47,7.9,24.8,1.62,22.56
1966-10,13.7,0,17.8,1.77,16.31
1966-11,8.41,-4.4,10.9,0.85,9.13
1966-12,2.66,-8.9,5.5,0.84,6.5
1967-01,8.4,-8.1,7,0.95,7.16
1967-02,7.27,-7.4,7.9,1.21,8.05
1967-03,19.03,-3.2,13.8,1.6,12.55
1967-04,61.98,-0.8,16.7,1.39,14.99
1967-05,85.83,3,18,1.33,14.55
1967-06,106.06,8.1,22,0.83,16.07
1967-07,56.68,12.1,28.6,1.86,27.3
1967-08,31.85,10.4,28.8,2.86,30.51
1967-09,21.65,6.5,23.8,1.41,21.63
1967-10,10.29,1.4,19.4,2.02,18.15
1967-11,10.99,-6.2,10.4,0.88,9.27
1967-12,9,-11.4,2.6,0.57,4.9
1968-01,3.04,-10.3,5.6,0.72,6.43
1968-02,13.08,-7,7.7,0.92,7.46
1968-03,14.27,-4.6,12.2,1.34,11.37
1968-04,47.53,-3.1,12.8,1.33,11.19
1968-05,55.55,2.6,18.1,1.74,15.32
1968-06,31.38,8.9,27.3,2.96,28.13
1968-07,23.17,11.8,29.7,3.64,32.29
1968-08,58.81,10.5,27.4,3.14,27.61
1968-09,6.51,5.1,24.6,2.44,24.9
1968-10,12.91,1.7,19.3,2.38,18.08
1968-11,8.36,-5.5,8.4,1,7.71
1968-12,4.23,-9.9,5,1.05,6.71
1969-01,4.61,-8.9,6.6,0.92,7.02
1969-02,7.65,-7.8,7.2,0.98,7.4
1969-03,10.86,-8.9,6.2,0.82,6.93
1969-04,30.58,1,18.4,1.49,16.35
1969-05,72.2,5.5,22.2,1.66,19.7
1969-06,83.15,7.6,22.2,2.12,18.7
1969-07,25.76,12.9,31.2,3.44,34.34
1969-08,23.17,13.1,31.4,3.62,35.36
1969-09,24.58,8.4,26,2.43,25.52
1969-10,73.96,-2,9.9,0.94,7.57
1969-11,6.75,-4.8,10.1,1.14,8.98
1969-12,1.31,-7,6.8,1,7.04
1970-01,2.68,-9,5.5,1.01,6.71
1970-02,2.25,-7,11.2,1.15,10.54
1970-03,41.65,-7.2,6.5,0.83,6.56
1970-04,35.15,-3.2,12.1,1.24,10.6
1970-05,31.91,4.3,22.5,1.97,21.19
1970-06,79.89,8.3,25.5,2.47,24.5
1970-07,33.34,12.3,30.5,3.09,33.08
1970-08,17.16,12.9,31,4.12,34.95
1970-09,42.71,5.2,23.3,2.3,22.72
1970-10,21.33,-1.2,14.4,1.5,12.38
1970-11,5.91,-4.5,9.7,1,8.38
1970-12,5.63,-9.1,5.8,0.84,6.55
1971-01,13.1,-8.5,4.7,0.99,6.02
1971-02,16.87,-8.9,5,0.89,6.14
1971-03,23.8,-6.6,8.7,1.15,8.53
1971-04,78.48,-1.3,14.9,1.31,12.63
1971-05,63.32,3.4,18.4,1.3,14.67
1971-06,18.28,9.3,27.7,2.58,28.63
1971-07,23.56,11,29,3.14,30.69
1971-08,14.2,11.6,30.3,3.18,33.25
1971-09,63.81,4.4,21.6,2,19.92
1971-10,14.39,0.1,16.3,1.25,13.59
1971-11,0,-5.6,10.3,1.06,9.5
1971-12,0.75,-9.5,5.5,0.76,6.58
1972-01,10.36,-11.4,4.6,0.79,6.4
1972-02,3.48,-7.4,9.1,1.31,9.36
1972-03,14.03,-3.2,14.9,1.63,13.98
1972-04,41.2,-0.8,15.6,1.36,13.32
1972-05,26.01,3.6,20.2,1.46,17.41
1972-06,56.24,10.1,27.1,2.29,26.11
1972-07,26.27,10.6,28.8,2.53,29.79
1972-08,56.59,11.5,28.1,2.62,27.73
1972-09,31.14,6.8,23.3,2.23,21.55
1972-10,13.89,1.4,16.7,1.43,13.84
1972-11,24.86,-7.4,4.7,0.53,5.02
1972-12,11.62,-12.6,0.8,0.62,4.3
1973-01,11.87,-10.8,2.6,0.9,5.01
1973-02,2.48,-8.4,6.1,1.02,6.57
1973-03,47.77,-4.3,7.8,0.72,6.34
1973-04,55.96,-3,11.7,0.96,9.64
1973-05,48.83,3.3,19.3,2.08,16.65
1973-06,23.81,8.7,26.9,4.33,27.93
1973-07,84.53,11.6,28.6,3.33,29.39
1973-08,14.14,11.7,30.4,3.58,32.6
1973-09,73.65,6.5,21.6,1.48,17.79
1973-10,4.78,1.8,19.3,1.92,17.18
1973-11,25.67,-4.7,8.2,1.06,7.42
1973-12,23.99,-7.5,5.7,1.04,6.01
1974-01,13.21,-12.2,1.4,1.02,4.55
1974-02,5.5,-6.7,7.8,1.47,8.05
1974-03,30.34,-3.8,12.1,1.52,10.81
1974-04,38.36,-0.6,15,1.58,13.07
1974-05,5.12,4.7,23.3,2.64,22.14
1974-06,63.42,9.1,27.2,3.85,28.3
1974-07,29.21,12.3,31.5,4.33,35.3
1974-08,12.05,9.8,28.1,2.95,29.05
1974-09,19.29,4.5,23.2,2.6,22.66
1974-10,26.06,1.9,18.7,1.94,16.21
1974-11,7.5,-4.9,10.4,1.06,8.92
1974-12,0,-10.1,5.7,0.8,6.66
1975-01,5.67,-9.4,5.5,0.94,6.26
1975-02,8.35,-10.7,5.2,0.93,6.39
1975-03,19.62,-6.2,9.1,1.03,8.65
1975-04,32.04,-3,13.1,1.05,12.03
1975-05,88.72,2.9,18.6,1.91,15.93
1975-06,37.46,7.4,24.5,2.5,23.24
1975-07,43.17,12.2,30.7,3.66,33.01
1975-08,29.05,10.8,29.9,4.17,34
1975-09,8.35,5,24.2,2.9,24.46
1975-10,12.93,0.3,19.5,2.66,19.59
1975-11,7.92,-6.1,9.9,1.54,10.15
1975-12,8.46,-7.2,7,1.02,6.8
1976-01,16.67,-10.1,4.7,0.87,5.78
1976-02,10.23,-5.7,9.8,1.73,9.79
1976-03,12.51,-7,9.5,1.22,9.56
1976-04,44.17,-0.3,15.9,1.04,13.34
1976-05,54.54,4,20.2,1.86,16.94
1976-06,30.15,7.6,26.3,3.16,27.05
1976-07,33.27,12.5,31.1,3.88,34.93
1976-08,38.45,10.9,28.9,3.7,30.29
1976-09,38,7.1,23.9,2.36,22.37
1976-10,3.86,-1.2,16.7,1.82,15.48
1976-11,2.75,-6.4,9.8,1.28,9.78
1976-12,1.73,-8.5,8.7,1.08,8.45
1977-01,6.17,-13.1,3.3,0.6,5.21
1977-02,2.23,-6.9,9.6,1.48,9.59
1977-03,21.38,-6.5,10,1.14,9.81
1977-04,61.89,0.3,16.2,1.35,13.77
1977-05,42.44,5.6,22,1.8,19.08
1977-06,26.82,11.4,28.9,3.58,29.61
1977-07,85.84,13,30.9,4.08,34.16
1977-08,36.42,11.5,27.5,2.72,25.98
1977-09,4.15,7.4,27.1,3.14,28.45
1977-10,1.19,1.2,19.6,2.34,17.74
1977-11,4.7,-5.3,10.2,1.31,9.05
1977-12,2.06,-7.6,6.9,1.24,6.96
1978-01,12.2,-12.1,1.5,0.59,3.93
1978-02,10.73,-9.7,2.3,0.63,4.1
1978-03,11.89,-4.2,11.7,1.37,10.84
1978-04,26.74,0.4,16.5,1.51,13.96
1978-05,107.57,3.5,18.4,1.69,15.54
1978-06,34.37,8.7,26.1,3.2,26.77
1978-07,33.28,12.5,31.1,4.13,35.76
1978-08,31.77,10.4,28.4,3.61,29.86
1978-09,5.46,6.9,26.4,3.54,28.79
1978-10,25.45,0.5,18.9,2.36,17.47
1978-11,7.35,-5.9,8.3,1.2,8.47
1978-12,14.11,-12.8,1.2,0.81,4.27
1979-01,7.17,-15.9,-2.2,0.68,3.23
1979-02,4.6,-9,6,1.37,6.98
1979-03,42.07,-4,10.2,1.44,8.9
1979-04,29.31,-0.2,15.8,1.76,14.54
1979-05,80.16,3.6,18.1,1.57,14.53
1979-06,66.35,8.4,25.2,3.07,23.81
1979-07,22.05,12.5,30.7,3.55,33.69
1979-08,74.79,10.8,27.4,3.13,27.24
1979-09,15.4,7.7,26.8,3.36,28.66
1979-10,20.43,2.3,19.5,2.7,18.71
1979-11,40.99,-8.4,5,0.71,5.82
1979-12,22.74,-7.9,6.6,0.91,6.38
1980-01,29.5,-11.9,1.2,0.65,3.87
1980-02,13.54,-9.3,4.6,0.7,5.05
1980-03,32.1,-6.3,7.4,0.95,7.02
1980-04,33.62,-1.6,14.1,1.32,12.61
1980-05,76.71,4.1,18.4,0.96,13.5
1980-06,5.07,8.9,29.4,3.64,33.86
1980-07,35.91,13.4,32.4,4.41,37.69
1980-08,22.62,11.1,29.7,3.1,31.88
1980-09,18.7,6.6,26.1,2.43,26.47
1980-10,11.27,-0.5,17.7,2.01,16.73
1980-11,8.28,-5.4,10.8,1.26,10.31
1980-12,1.04,-5.1,11,1.17,9.81
1981-01,4.25,-8.5,9.1,0.69,8.29
1981-02,3.31,-9.6,8.4,0.96,8.81
1981-03,34.13,-4.6,10.3,0.65,8.17
1981-04,28.79,1.5,19.4,1.41,17.41
1981-05,108.05,4.3,17.9,0.77,12.38
1981-06,48.31,9.6,27.7,2.19,27.66
1981-07,42.47,12.9,30.4,2.84,32.01
1981-08,41.04,11.2,28.1,1.51,26.27
1981-09,25.37,7.6,26.2,1.65,25.12
1981-10,17.33,0.4,16,1.09,12.41
1981-11,0.01,-4,13.3,0.96,11.16
1981-12,9.08,-8.5,6.5,0.76,6.7
1982-01,4.26,-11.7,4.3,0.61,5.72
1982-02,1.8,-11.4,6.2,0.87,8.19
1982-03,10.92,-5.3,10.7,0.97,9.46
1982-04,7.76,-3.5,15.8,1.43,14.75
1982-05,74.83,3.4,19.2,1.14,15.22
1982-06,67.93,7,22.8,1.09,17.87
1982-07,67.64,11.7,29.5,2.99,30.36
1982-08,17.24,13,29.9,2.18,28.98
1982-09,55.08,7,23,1.25,19.41
1982-10,13.76,0,15.6,1.19,12.43
1982-11,8.37,-7.4,7.7,0.57,6.81
1982-12,4,-8.6,4.8,0.71,5.47
1983-01,0,-7.2,8,0.81,6.91
1983-02,0.32,-7.3,8.6,0.65,7.84
1983-03,56.68,-4.5,8,0.65,6.81
1983-04,80.02,-3.5,10,0.54,7.76
1983-05,98.82,2.3,16.8,0.74,12.75
1983-06,66.19,8.1,22.9,1.14,16.88
1983-07,34.58,12.5,30.5,2.55,30.88
1983-08,26.25,13.8,31.4,1.62,31.78
1983-09,6.79,6.3,26.6,1.68,27.07
1983-10,8.08,0.6,18.6,0.86,15.27
1983-11,21.71,-5.9,8.8,0.55,8.04
1983-12,5.79,-15.5,-3.4,0.36,2.49
1984-01,5.8,-11.8,2.6,0.45,4.23
1984-02,10.74,-7.6,6.3,0.82,6.26
1984-03,29.81,-5.7,8.7,0.66,7.28
1984-04,72.23,-2.8,10.1,0.73,7.8
1984-05,32.06,4.4,22,1.65,19.64
1984-06,44.95,8.2,25.5,1.86,22.52
1984-07,47.81,12.5,31,2.8,33.05
1984-08,25.68,12.3,29.2,1.52,26.24
1984-09,14.34,5.3,22.8,1.43,21.25
1984-10,53.34,-1.3,12.8,0.49,9.42
1984-11,0,-5.6,10.9,0.86,9.51
1984-12,5.21,-10.2,5.3,0.48,5.73
1985-01,13.23,-12.8,1.9,0.35,4.02
1985-02,3.2,-12.9,2.2,0.44,4.71
1985-03,4.99,-5.4,11.8,0.97,10.41
1985-04,39.71,0.1,17.1,1.18,14.86
1985-05,23.72,5.2,22.4,1.32,19.33
1985-06,30.01,8.2,26.9,2.9,27.4
1985-07,77.93,12.6,30,3.28,31.11
1985-08,3.66,10.3,30,2.39,32.61
1985-09,34.5,5.2,21.7,1.46,19.83
1985-10,15.62,-1.1,16,1.08,13.05
1985-11,23.9,-9.9,3.4,0.26,4.78
1985-12,14.63,-12.1,1.7,0.31,3.87
1986-01,0.8,-6.3,8.2,1.17,7.93
1986-02,9.06,-7.8,7.2,0.84,7.56
1986-03,10.66,-2.4,15,1.23,13.64
1986-04,45.55,0.5,15.3,0.88,11.5
1986-05,35.31,3.5,20,1.65,16.78
1986-06,54.87,10.5,27.6,2.31,26.75
1986-07,15.28,11.8,30.6,3.61,34.35
1986-08,20.79,11.2,29.5,2.31,29.9
1986-09,20.68,6.1,22.1,0.94,18.14
1986-10,29.13,0.6,15.4,0.87,11.45
1986-11,17.85,-5.8,8.6,0.72,7.42
1986-12,5.03,-9.9,5.4,0.48,5.63
1987-01,2.84,-9.4,5.6,0.95,6.58
1987-02,24.74,-6.6,7.2,0.66,6.85
1987-03,23.08,-5.8,8,0.78,7.15
1987-04,13.97,-1,18.5,1.54,17.44
1987-05,71.97,5.9,20.9,1.08,15.8
1987-06,57.49,9.6,27.5,2.72,26.83
1987-07,23.94,12.4,30.9,3.81,34.16
1987-08,26.34,11.3,27.7,2.37,27.88
1987-09,15.25,5.4,24.2,1.6,22.75
1987-10,14.18,-0.8,17.9,1.48,16.64
1987-11,24.1,-4.5,9.6,0.73,7.94
1987-12,11.56,-9.9,3.8,0.73,5.49
1988-01,8.95,-13.5,0.8,0.59,3.96
1988-02,12.22,-9.6,5.4,0.64,6.07
1988-03,36.09,-6,8.8,1.09,8.83
1988-04,29.24,-2,16.5,1.24,14.49
1988-05,71.12,4.6,21.6,1.52,19.32
1988-06,24.38,11.4,29.5,2.61,29.32
1988-07,19.05,12.1,30.9,2.63,33.17
1988-08,20.4,11.8,30.6,2.31,32.5
1988-09,31.86,5.9,24.3,2.1,24.15
1988-10,2.24,1.2,19,1.36,16.06
1988-11,2.71,-5.4,10.4,0.89,9.25
1988-12,12.52,-10.6,4.9,0.53,5.83
1989-01,8.61,-9.5,7,0.88,7.44
1989-02,23.48,-14.1,-0.5,0.25,3.78
1989-03,9.18,-4.8,11.6,0.97,10.98
1989-04,20.18,-0.8,16.9,1.2,15.34
1989-05,38.3,4.6,21.7,1.87,19.72
1989-06,55.76,8.5,24.3,1.9,21.11
1989-07,28.23,12.8,32.3,3.23,37.59
1989-08,40.65,11.3,28.2,1.41,26.24
1989-09,51.26,6.4,23.3,1.18,20.88
1989-10,4.8,0.6,17.3,1.83,15.73
1989-11,1.64,-4.9,11.8,0.87,10.31
1989-12,6.77,-11.6,3.4,0.63,5.46
1990-01,11.73,-7.9,7,0.82,6.81
1990-02,11.55,-9.3,5.8,0.56,6.19
1990-03,96.95,-4.9,7.8,0.35,6.21
1990-04,26.71,-0.4,15.4,0.42,11.47
1990-05,64.89,2.3,19,0.54,15.05
1990-06,13.87,10,28.5,3.44,30.75
1990-07,33.06,11.8,28,2.2,26.63
1990-08,30.18,11,29,2.56,28.85
1990-09,36.12,8.8,26.3,1.78,25.12
1990-10,12.92,-0.1,17.4,1.46,15.84
1990-11,13.66,-4.1,12.3,1.67,11.87
1990-12,3.5,-13.9,1.8,0.6,6.05
1991-01,5.19,-12.1,3,0.47,4.91
1991-02,0.03,-6.7,10.7,1.14,10.1
1991-03,7.17,-5,11.4,1.02,10.66
1991-04,26.84,-1.1,14.6,1.24,12.33
1991-05,58.7,5,21.1,1.04,17.64
1991-06,68.01,10.1,26.3,1.58,23.4
1991-07,72.97,12.4,29.5,3.17,29.9
1991-08,41.72,12.3,28.8,2.48,27.42
1991-09,20.33,6.3,24.5,1.57,22.18
1991-10,14.02,-0.4,18,2.13,18.18
1991-11,28.37,-6.2,6.3,0.72,5.99
1991-12,0,-8.9,6.8,0.76,6.77
1992-01,13.99,-9,5.7,0.83,5.95
1992-02,0.99,-5.2,10.1,1.08,9.03
1992-03,66.95,-3.1,11.8,0.73,9.39
1992-04,16.31,0.5,18.5,1.21,16.12
1992-05,26.14,4.9,22.6,1.65,20.12
1992-06,45.02,8.9,24.5,1.1,19.42
1992-07,45.11,11.2,27.6,1.6,23.98
1992-08,61.18,10.1,26.8,1.37,23.07
1992-09,3.84,6.7,25.6,2.05,25.15
1992-10,8.65,0.8,19.2,1.61,17.88
1992-11,19.25,-6.9,5.6,0.53,5.27
1992-12,6.5,-12.1,1.2,0.41,3.08
1993-01,6.82,-11.8,0.9,0.42,2.95
1993-02,18.33,-10.7,2.2,0.33,3.39
1993-03,29.04,-3.5,11,0.84,9.07
1993-04,52.47,-0.7,14,0.69,10.97
1993-05,36.5,4.8,20.7,0.95,15.99
1993-06,49.18,8,24.6,1.69,22.66
1993-07,13.38,11.2,29,2.09,27.76
1993-08,39.84,11.2,27.6,1.92,24.06
1993-09,46.03,4.9,21.9,1.05,17.93
1993-10,48.75,-0.1,15.3,0.96,13.18
1993-11,21.7,-8.6,5.9,0.43,5.84
1993-12,4.19,-8.2,5.5,0.67,5.53
1994-01,10.93,-8,6.7,0.8,7.03
1994-02,11.06,-11.7,3.5,0.32,4.44
1994-03,10.46,-4.2,12.8,0.92,11.29
1994-04,46.19,-0.6,15.2,1.14,13.61
1994-05,22.61,5.3,23.2,1.2,20.5
1994-06,33.19,10.7,29.5,2.38,29.67
1994-07,28.68,11.5,30.3,1.96,29.39
1994-08,46.67,12.5,30.4,2.12,29.16
1994-09,11.09,7.2,26.3,2.37,25.58
1994-10,40.2,1.6,16.1,0.77,11.85
1994-11,7.23,-5.9,8,0.75,7.12
1994-12,8.51,-7.6,8.2,0.82,7.65
1995-01,2.86,-9.4,5.5,0.68,5.81
1995-02,19.83,-7.2,8.9,0.75,8.55
1995-03,7.09,-5.2,10.5,1,9.8
1995-04,43.6,-2.6,12.4,0.6,9.97
1995-05,147.03,3.1,14.2,0.48,7.86
1995-06,103.34,8.1,23.3,1.05,18.51
1995-07,35.55,11.4,29.3,2.41,29.99
1995-08,15.97,12.5,31.6,2.21,33.08
1995-09,59.73,6.7,23,1.18,20.23
1995-10,5.38,-0.5,16.8,1.16,15.01
1995-11,11.54,-4.8,11.5,0.52,9.18
1995-12,2.71,-8.5,7.4,0.8,7.23
1996-01,13.19,-12.6,4.3,0.55,6.14
1996-02,3.86,-9.5,7.4,0.89,8.26
1996-03,32.84,-7.6,8.6,0.53,8.08
1996-04,18.32,-1.2,16.2,0.99,14.18
1996-05,77.14,4.9,20.1,0.82,15.56
1996-06,46.73,9.4,27.2,1.15,23.83
1996-07,51.3,12.6,29.6,1.52,25.58
1996-08,28.08,10.9,29.1,1.18,26.13
1996-09,40.63,6.3,22.9,0.99,19.2
1996-10,5.15,0.6,17.6,1.12,16.15
1996-11,8.96,-5.9,9,0.37,7.56
1996-12,0,-8.9,6.6,0.81,7.29
1997-01,13.75,-10.9,2.5,0.53,4.93
1997-02,9.98,-7.8,4.9,0.44,5.43
1997-03,12.49,-5,12.4,1.01,11.92
1997-04,49.6,-3.4,11.3,0.54,10.25
1997-05,37.66,4,20.3,1,16.65
1997-06,49.26,10.2,25.6,1.05,21.28
1997-07,96.42,12,30.1,2.18,29.34
1997-08,83.66,12,27.1,0.98,21.14
1997-09,40.32,8.6,23.9,0.8,18.68
1997-10,34.03,0.5,17.1,1.17,15.3
1997-11,3.82,-6.2,7.7,0.54,7.11
1997-12,5.23,-8.1,4.5,0.55,4.85
1998-01,2.75,-8.1,7.1,0.6,6.75
1998-02,8.98,-6.1,7,0.52,6.28
1998-03,33.53,-5.8,8.8,0.5,8.11
1998-04,37.32,-1.5,14,0.53,11.8
1998-05,40.71,5,21.9,0.92,18.45
1998-06,31.33,6.8,23.4,1.54,21.04
1998-07,45.43,13.6,30.3,1.86,28.36
1998-08,19.95,12.1,29.5,1.61,27.16
1998-09,24.72,9.3,27.7,1.42,27.2
1998-10,53.15,2,15.4,0.64,10.69
1998-11,11.43,-2.5,10.7,0.6,8.73
1998-12,11.29,-10.4,4.3,0.55,6.14
1999-01,5.29,-6.6,6.6,0.47,5.93
1999-02,1.36,-5.8,10.2,1.08,9.21
1999-03,12.34,-4.6,13.3,0.68,12.06
1999-04,109.63,-1.8,12.3,0.57,9.85
1999-05,76.61,3.9,18.9,0.73,14.42
1999-06,34.83,8.8,25.1,1.4,21.61
1999-07,32.01,13.2,30.7,1.81,30.01
1999-08,55.21,12.4,28.4,1.5,24.25
1999-09,50.61,5.3,22.2,0.84,18.53
1999-10,7.89,0.1,18.4,0.78,15.83
1999-11,6.15,-3.4,15.6,1.4,14.53
1999-12,1.43,-6.5,7.9,0.84,7.48
2000-01,3.95,-7.4,7,0.74,6.86
2000-02,10.44,-6,9.8,0.75,8.76
2000-03,27.32,-3.4,11.2,0.59,9.45
2000-04,18.89,-0.6,17.8,1.05,15.9
2000-05,44.01,5.6,22.8,1.25,20.43
2000-06,18.09,8.6,26.9,1.98,26.89
2000-07,12.27,13.6,32.3,2.5,35.3
2000-08,16.71,13.2,31.4,2.19,31.22
2000-09,39.7,6.7,24.7,1.91,24.13
2000-10,5.24,1.5,16.6,0.62,12.36
2000-11,10.63,-9.1,4,0.3,5.05
2000-12,9.76,-11,4.2,0.3,5.03
2001-01,9.14,-9.1,4.9,0.45,5.33
2001-02,6.78,-9.6,3.5,0.26,4.05
2001-03,16.77,-4.6,9.6,0.34,7.75
2001-04,55.3,0.3,15.5,0.61,12.4
2001-05,68.59,4.7,20.3,1.05,17.05
2001-06,17.63,9.4,27.7,1.88,28.15
2001-07,48.56,13.9,32,2.46,32.17
2001-08,20.41,12.5,30.3,2.06,29.64
2001-09,18.21,7.7,26.6,1.7,26.31
2001-10,13.6,0.4,17.2,1.32,14.45
2001-11,10.46,-4.3,13,1.26,11.17
2001-12,0,-8.6,6.5,0.66,6.39
2002-01,7.3,-10.2,5.7,0.62,6.33
2002-02,8.05,-10,7.7,0.8,8.46
2002-03,21.78,-8.7,7.8,0.46,7.74
2002-04,7.68,-0.4,17.5,1.32,15.88
2002-05,26.63,3,20.5,1.05,17.54
2002-06,27.81,10.9,30.5,3.61,34.26
2002-07,51.47,13.9,33.2,4.08,37.34
2002-08,41,11.2,29.6,2.13,29.04
2002-09,25.96,7.7,24.5,1.91,21.88
2002-10,24.39,-1.9,13.3,0.8,11.27
2002-11,9.41,-5.5,7.8,0.68,7.17
2002-12,0,-7,6.9,0.7,6.91
2003-01,2.85,-6.7,9.5,0.69,8.63
2003-02,13.61,-10.1,4.2,0.44,5.84
2003-03,64.87,-3.7,10.2,0.93,9.3
2003-04,61.53,1,16.7,0.97,14.15
2003-05,79.63,5.1,20.4,0.8,16.52
2003-06,49.73,8.2,22.9,0.77,17.43
2003-07,49.72,14.2,33.9,3.91,39.8
2003-08,49.69,12.6,30.6,2.19,31.09
2003-09,7.55,5.3,23,1.12,20.16
2003-10,2.54,1.6,21.2,2.13,21.49
2003-11,5.36,-6.5,7.2,0.55,6.99
2003-12,6.72,-8.7,6.6,0.59,6.33
2004-01,5.81,-9.1,5.9,0.73,6.67
2004-02,14.15,-9.8,5.1,0.43,5.76
2004-03,1.85,-3.3,14.5,1,13.56
2004-04,20.57,-0.1,16.1,0.89,14.32
2004-05,34.66,5.1,21.9,1.25,19.99
2004-06,59.29,8.2,23.9,1.42,20.69
2004-07,40.46,11.6,28.4,1.68,28.01
2004-08,33.9,9.9,27.5,1.5,25.88
2004-09,54.07,7.1,24.6,1.51,22.64
2004-10,51.37,1.8,16.7,0.69,12.05
2004-11,17.91,-5.3,8.5,0.65,7.65
2004-12,1.13,-8.1,5.9,0.58,5.89
2005-01,9.45,-8.2,6.3,0.25,6.03
2005-02,3.6,-6.9,8.5,0.62,8.08
2005-03,23.31,-4.9,10.7,0.79,9.82
2005-04,50.83,-0.9,15,0.78,12.5
2005-05,47.73,3.7,19.6,1.43,17.11
2005-06,90.36,8.9,25.5,1.79,23.9
2005-07,25.94,12,32.3,3.16,38.25
2005-08,43.1,10.9,29,2.12,29.7
2005-09,4.64,7.3,26.2,2.09,26.86
2005-10,62.49,1.5,17.8,1.12,15.42
2005-11,7.29,-3.6,12.3,1.23,11.26
2005-12,4.24,-10.4,4.7,0.82,6.51
2006-01,0,-7.1,9.8,1.42,9.87
2006-02,8.28,-11.4,5.3,0.88,7.76
2006-03,27.54,-6.4,8.6,0.79,8.68
2006-04,4.31,-0.6,18.5,1.41,18.34
2006-05,27.35,4.2,22.7,1.68,22.54
2006-06,18.06,10.2,30.2,3.11,35.3
2006-07,47.49,13.7,31.5,3.07,34.97
2006-08,72.84,12.6,29.3,2.81,29.76
2006-09,31.79,4.7,21.3,1.22,18.3
2006-10,20.64,0,16.3,1.17,14.17
2006-11,7.11,-5.9,11,0.77,10.22
2006-12,21.41,-9.6,4.5,0.56,5.07
2007-01,6.59,-13.4,-0.1,0.56,3.23
2007-02,5.23,-8.7,5.2,0.57,5.2
2007-03,40.4,-2.3,13.9,0.87,12.36
2007-04,26.99,-1.2,13.8,0.82,11.69
2007-05,40.47,4.3,21.4,0.7,18.51
2007-06,5.62,8.6,28.2,1.74,31.41
2007-07,67.07,14.1,31.8,2.98,36.23
2007-08,66.61,13.6,29.9,1.64,30.73
2007-09,29.24,7.6,24.7,1.39,23.66
2007-10,47.56,1.3,18.6,1.06,17.19
2007-11,5.47,-5.8,11.9,0.99,11.78
2007-12,24.28,-12.3,0.6,0.49,3.73
2008-01,0.41,-11.8,1.6,0.61,4.49
2008-02,3.7,-9.2,6.4,0.47,6.95
2008-03,13.69,-5.8,10.6,0.73,10.32
2008-04,27.85,-3.2,13.9,1.03,13.67
2008-05,37.87,2.7,19.9,1.02,18.31
2008-06,49.77,8.1,26,2.5,26.45
2008-07,14.89,12.3,32.6,3.93,39.88
2008-08,136.36,11.6,27.7,1.4,26.66
2008-09,32.72,6.3,22.5,1.05,19.09
2008-10,20.41,0.2,17.3,1.14,15.44
2008-11,3,-3.8,13.4,1.13,12.43
2008-12,8.01,-12.2,3,0.46,5.51
2009-01,12.82,-8.6,6.9,1.34,8.16
2009-02,3.88,-7.4,9.4,0.79,9.44
2009-03,15.32,-6.2,11.9,1.19,12.28
2009-04,76.11,-1.6,13.6,0.66,11.66
2009-05,51.73,5.6,19.6,1.45,16.3
2009-06,117.98,8.8,22.9,0.73,17.06
2009-07,67.43,11.2,28,0.95,25.82
2009-08,37.63,9.8,28.8,1.41,30.24
2009-09,4.99,6.1,24.7,1.03,23.95
2009-10,39.42,-2.7,11.3,0.58,9.9
2009-11,12.23,-4.6,11.9,0.82,10.83
2009-12,20.99,-12.8,0.3,0.49,4.35
2010-01,2.29,-9.6,4.9,0.51,5.76
2010-02,13.08,-10.9,3.3,0.34,4.97
2010-03,20.99,-4.4,10.6,0.66,9.64
2010-04,101.52,-0.6,14.7,0.5,11.65
2010-05,102.41,2.8,17.7,0.83,13.99
2010-06,61.58,9.4,25.9,1.3,22.6
2010-07,46.14,11.8,30.4,1.54,32.12
2010-08,20.01,11.9,30.9,2.54,34.52
2010-09,2.71,6,27.5,2.27,31.42
2010-10,22.15,1.6,19,1.06,16.91
2010-11,19.53,-6.7,8.7,0.58,8.18
2010-12,2.86,-8.3,7.3,0.46,7.07
2011-01,2.55,-11,4.7,0.51,6.04
2011-02,11.71,-13.2,4.2,0.49,6.99
2011-03,11.61,-4.6,12,0.57,11.09
2011-04,41.08,-0.6,14.9,0.66,12.33
2011-05,105.94,2.7,16.4,0.89,12.89
2011-06,43.98,8.3,26.5,1.45,26.74
2011-07,71.31,13.3,31.9,1.34,35.26
2011-08,12.88,12.9,32.5,2.25,39.22
2011-09,40.72,7.2,24.9,2.18,25.37
2011-10,34.55,0,17.6,1.02,16.72
2011-11,8.23,-5.9,10.9,0.81,10.18
2011-12,5.84,-11.2,5.1,0.47,6.08
2012-01,0.22,-9.1,9.2,0.94,9.19
2012-02,16.15,-9.4,4.5,0.45,5.43
2012-03,0,-3.2,17.1,1.19,17.89
2012-04,17.61,1.7,19.4,1.17,18.39
2012-05,28.12,4.2,22.9,1.57,23.66
2012-06,20.72,10.9,30.9,3.68,38.05
2012-07,79.11,14.6,32.2,3.51,38.35
2012-08,6.87,11.8,31.3,3.84,37.77
2012-09,49.89,8,26.1,2.67,27.88
2012-10,15.33,0,15.2,1.16,13.44
2012-11,2.13,-4.3,12.8,0.7,11.24
2012-12,7.27,-10.1,5.6,0.58,7.01
2013-01,2.82,-11.3,5.5,0.69,7.42
2013-02,10.72,-10.4,5.1,0.5,6.39
2013-03,13.55,-6.4,9.8,0.64,9.3
2013-04,51.99,-4.2,10.9,0.72,10.3
2013-05,51.25,4.6,20,1.39,18.53
2013-06,9.01,9.3,29.2,2.56,33.59
2013-07,51.09,12.8,29.9,1.58,29.28
2013-08,29.78,11.5,30.6,1.65,33.1
2013-09,131.21,10.4,24.8,1.46,22.22
2013-10,37.5,0.6,14.4,0.83,11.21
2013-11,5.13,-5.6,10.3,0.71,9.74
2013-12,5.97,-10.9,3.1,0.84,6.03
2014-01,19.98,-10.6,5.6,1.05,7.04
2014-02,13.62,-12.4,1.4,0.48,4.58
2014-03,25.46,-5.3,10.9,0.79,10.76
2014-04,7.96,-1,15.7,1.17,14.37
2014-05,78.34,4.2,19,1.01,15.93
2014-06,88.61,7.6,25.7,1.25,23.9
2014-07,82.78,12.3,29,1.91,29.62
2014-08,44.48,10.9,27.9,1.79,27.56
2014-09,28.05,7.1,24.6,1.83,24.61
2014-10,19.75,1.5,19.1,1.23,18.13
2014-11,16.7,-8,7.9,0.97,9.48
2014-12,8.87,-9.3,5.3,0.68,6.95
2015-01,4.21,-8.4,6.2,0.87,7.01
2015-02,11.42,-7.4,7.2,0.9,8.5
2015-03,1.99,-3.7,13.6,1.34,14.23
2015-04,57.04,-1,15.1,0.73,13.47
2015-05,140.84,4.1,15.4,0.51,10.09
2015-06,87.86,11.5,26.1,1.03,21.77
2015-07,48.01,11.8,28.7,1.57,29.77
2015-08,26.13,10.2,30.4,2.04,35.67
2015-09,1.13,8.2,27.9,2.85,31.47
2015-10,55.57,3.7,19.3,1.07,16.84
2015-11,19.11,-6,9.7,0.7,10.06
2015-12,15.54,-10.3,3.7,0.67,5.86
2016-01,8.22,-9.3,4.8,0.61,5.82
2016-02,20.71,-6.6,9.1,0.9,9.5
2016-03,44.68,-4.3,11.4,0.94,11.08
2016-04,55.8,-0.2,14.3,0.9,12.59
2016-05,49.38,2.8,17.3,0.71,13.86
2016-06,34.37,10.3,29,1.78,32.35
2016-07,46.81,12.5,31.1,2.42,36.91
2016-08,24.5,10.4,28.6,2.06,31.93
2016-09,8.67,6.7,25.6,1.75,26.98
2016-10,11.78,1.9,20.7,1.74,20.73
2016-11,5.17,-3.4,14.5,1.11,13.98
2016-12,7.39,-12.8,3.1,0.61,5.85
2017-01,19.09,-10.4,3.4,0.79,5.54
2017-02,8.27,-6,10.2,1.23,10.89
2017-03,18.22,-3.2,15.2,1.14,14.61
2017-04,73.18,-0.6,15.3,0.94,14.32
2017-05,105.12,3.5,18.6,0.94,16.07
2017-06,9.81,9.6,27,2.03,27.72
2017-07,36.64,12.9,31,2.36,35.8
2017-08,37.74,11.1,27.6,1.8,28.36
2017-09,37.52,7.8,24.2,2.29,25.87
2017-10,19.6,-0.7,16.3,1.04,14.73
2017-11,9.27,-3.5,12.9,0.65,11.32
2017-12,3.55,-9.6,7,0.83,8.42
2018-01,5.44,-9.2,6.8,0.69,7.54
2018-02,21.24,-11.9,3.7,0.36,5.88
2018-03,29.75,-5.5,12.3,0.71,11.59
2018-04,21,-2.9,14.8,0.72,13.65
2018-05,108.98,5.8,20.9,0.58,16.86
2018-06,30.21,9.9,29,1.57,33.49
2018-07,26.91,11.9,30.2,1.35,33.09
