Date,ppt_mm,tmin_degrees_C,tmean_degrees_C,tmax_degrees_C,vpdmin_hPa,vpdmax_hPa
1895-01,180.7,3,6.9,10.7,0.45,3.98
1895-02,62.53,5.4,10.9,16.5,0.66,9.22
1895-03,51.16,5.7,11.2,16.7,0.72,9.52
1895-04,46.05,6.8,14.6,22.3,0.83,17.47
1895-05,15.03,10.2,18.5,26.7,1.95,24.66
1895-06,0,13.6,23.6,33.6,5.02,41.74
1895-07,2.1,16.4,25.3,34.1,6.37,41.57
1895-08,2.82,16.6,25.5,34.4,6.76,42.63
1895-09,20.84,12.5,20.3,28.1,4.21,27.98
1895-10,7.94,10.3,18.5,26.8,2.72,25.57
1895-11,31.3,4.1,11,18,0.79,12.37
1895-12,30.04,1.7,7.1,12.5,0.5,6.66
1896-01,193.53,4.7,9.7,14.6,0.56,7.2
1896-02,4.14,4.4,11.1,17.9,0.46,11.48
1896-03,63.55,6.1,12,17.9,0.35,10.24
1896-04,103.17,5,11.5,17.9,0.62,11.46
1896-05,32.11,8.2,16.3,24.4,1.56,20.98
1896-06,2.27,14.1,23.9,33.8,5.21,41.83
1896-07,6.32,18.5,27.6,36.6,8.36,48.87
1896-08,6.8,16.7,25.2,33.8,6.26,40.39
1896-09,10.08,14.1,21.6,29.1,5.01,29.69
1896-10,25.37,9.8,18.2,26.7,2.27,25.34
1896-11,70,4.9,10.9,17,0.64,10.12
1896-12,44.19,4,9.6,15.1,0.65,8.34
1897-01,81.5,2.2,6.8,11.4,0.36,5.08
1897-02,114.17,3.6,8.2,12.9,0.21,5.56
1897-03,66.98,2.7,8.1,13.6,0.29,7.01
1897-04,9.53,7.9,16.3,24.7,1.4,21.67
1897-05,7.03,11.2,20.7,30.1,2.62,32.49
1897-06,6.31,13.9,22.4,30.9,4.64,33.69
1897-07,0,17.1,26.6,36.1,7.07,47.48
1897-08,0,16.7,26.5,36.2,6.77,47.97
1897-09,0.01,14,21.7,29.4,5.01,30.4
1897-10,49.14,9.6,16.4,23.2,1.76,18.16
1897-11,24.27,5.1,11,17,0.87,10.47
1897-12,38.63,1.2,7.1,13,0.38,7.19
1898-01,20.92,-1.3,4.6,10.4,0.31,5.69
1898-02,57.73,5.2,10.6,15.9,0.3,8.1
1898-03,15.71,2.7,9.8,17,0.72,11.61
1898-04,8.64,7.3,16.9,26.4,1.47,25.83
1898-05,29.25,8.7,17.4,26.1,1.68,24.31
1898-06,1.57,13.8,23.9,34,5.03,42.78
1898-07,0,16.9,26.8,36.7,6.97,49.32
1898-08,0,17.4,26.5,35.6,6.96,45.44
1898-09,11.08,14.1,22.2,30.3,4.72,32.42
1898-10,16.38,9.5,17.3,25,2.34,22.12
1898-11,17.28,4.2,11.3,18.3,0.74,12.48
1898-12,32.14,0.4,6.4,12.4,0.26,6.74
1899-01,95.83,4,8.8,13.6,0.46,6.38
1899-02,5.52,3,9.8,16.6,0.34,10.33
1899-03,139.35,5.3,11,16.8,0.26,9.13
1899-04,14.45,7.6,15.4,23.3,1.15,18.94
1899-05,20.27,7.7,16.2,24.6,1.71,22.07
1899-06,11.27,14.3,24.8,35.3,5.51,46.49
1899-07,0,15.7,27.7,39.6,6.28,59.88
1899-08,1.02,13.9,24.3,34.8,4.88,44.7
1899-09,0,13.3,25.1,36.9,4.76,51.59
1899-10,87.2,7.8,16.3,24.7,1.49,21.87
1899-11,61.65,6.8,12.8,18.7,0.62,11.21
1899-12,66.41,2.5,7.1,11.7,0.27,5.09
1900-01,61.96,4.5,8.6,12.6,0.44,5.13
1900-02,13.71,2.6,9.6,16.5,0.14,10.2
1900-03,43.7,5.8,13.2,20.7,0.22,14.35
1900-04,44.82,5.2,13.4,21.7,0.68,17.12
1900-05,29.97,9.3,19.1,28.9,1.71,29.92
1900-06,0,14.2,24.5,34.8,5.33,44.69
1900-07,0.26,16.1,27.8,39.4,6.58,59.15
1900-08,0,14.7,24.5,34.4,5.24,43.13
1900-09,5.9,12.8,21,29.3,4.36,30.71
1900-10,40.71,9.6,16.1,22.6,2.13,17.28
1900-11,112.66,7,13.3,19.5,0.76,12.55
1900-12,25.51,3.1,8.4,13.8,0.32,7
1901-01,116.12,2.7,7.7,12.8,0.4,6.21
1901-02,119.87,4.3,9.4,14.6,0.09,6.7
1901-03,19.23,5.2,12,18.7,0.51,12.28
1901-04,53.12,5.3,13.8,22.2,1.1,18.51
1901-05,35.46,9.6,18,26.4,1.57,24.13
1901-06,0,13.1,23.3,33.5,4.72,41.64
1901-07,0,16.8,27.8,38.8,7.28,56.54
1901-08,0,17.1,28.1,39.1,7.26,57.59
1901-09,13.3,11.3,21.9,32.5,3.72,39.37
1901-10,24.9,10.6,19.7,28.8,2.67,29.75
1901-11,44.1,5.9,13.5,21.2,1.07,16.27
1901-12,21.47,0.1,7.9,15.8,0.29,10.83
1902-01,20.29,0.4,6.4,12.4,0.34,7
1902-02,138.7,4,10.4,16.9,0.13,9.74
1902-03,64.86,2.9,9.8,16.8,0.42,10.77
1902-04,29.51,5.5,14.1,22.6,0.94,18.88
1902-05,13.86,7.3,17.2,27,1.59,26.94
1902-06,0,13.8,25.1,36.5,5.44,50.45
1902-07,0,15.6,26.9,38.2,6.01,54.97
1902-08,0,15.6,26.3,37,6.25,51.31
1902-09,0,13.7,24.8,35.9,4.95,48.39
1902-10,27.5,8.1,17.8,27.5,2.04,28
1902-11,54.19,3.4,10.4,17.3,0.63,11.42
1902-12,41.7,1,7.8,14.5,0.19,8.58
1903-01,102.08,1.1,6.9,12.7,0.42,7.01
1903-02,31.48,-0.9,6.1,13.2,0.34,8.33
1903-03,132.12,4.3,11.1,17.8,0.15,10.79
1903-04,12.26,4.8,13.4,22.1,0.85,18.3
1903-05,0,8.8,19.4,30,2.1,33.41
1903-06,0,14.3,25.1,36,5.73,48.78
1903-07,0,13.7,25.4,37,4.74,51.67
1903-08,0,14.7,26.7,38.7,5.56,56.85
1903-09,0,12.2,23.5,34.8,3.98,45.66
1903-10,3.6,8.9,19.8,30.6,2.53,35.21
1903-11,55.12,5.1,12.9,20.6,0.77,15.55
1903-12,21.22,0.5,8.2,15.9,0.3,10.78
1904-01,29.68,-1.4,7.4,16.2,0.28,11.86
1904-02,148.09,3.8,10.3,16.8,0.26,10.02
1904-03,159.54,5.2,11,16.9,0.16,9.16
1904-04,42.55,5.8,14.5,23.1,0.95,19.44
1904-05,4.28,9.8,20.5,31.2,2.22,35.94
1904-06,0,12.7,24.8,36.9,4.53,52
1904-07,0,14.5,26.5,38.4,5.02,55.93
1904-08,0.59,16.7,28.1,39.4,6.95,58.7
1904-09,95.72,15.2,24.7,34.2,4.94,41.93
1904-10,52.89,9,17.7,26.4,1.77,24.48
1904-11,10.11,4.7,13.1,21.4,1.04,17.48
1904-12,47.8,1.4,8.2,14.9,0.23,8.99
1905-01,63.49,3.8,9.4,15,0.33,7.91
1905-02,65.54,4.6,11,17.4,0.01,9.5
1905-03,96.64,5.8,12.5,19.3,0.05,11.51
1905-04,24.35,6.2,15.6,24.9,0.58,22.33
1905-05,57.81,8.1,17.7,27.3,1.42,26.96
1905-06,0,12.6,23.7,34.8,4.62,45.83
1905-07,0,15.6,28.1,40.6,6.12,63.58
1905-08,0,15.5,27.4,39.2,6.3,59.08
1905-09,0,12.7,23.8,35,4.46,46.26
1905-10,0,5.3,17,28.6,1.66,31.88
1905-11,48.48,2.6,11.1,19.6,0.68,15.24
1905-12,21.47,-0.8,6.5,13.7,0.23,8.67
1906-01,147.33,2.6,9.9,17.2,0.51,11.44
1906-02,82.97,5.8,11.6,17.4,0.03,9.17
1906-03,210.98,4.8,10.9,17,0.1,9.44
1906-04,39.77,5.9,14.1,22.3,0.74,17.84
1906-05,67.67,8.8,17.7,26.6,1.29,24.63
1906-06,10.19,11.7,22.7,33.7,3.8,42.3
1906-07,0,17.1,29.6,42.1,7.07,68.86
1906-08,0,15.7,27.6,39.5,6.37,59.96
1906-09,0,12.4,23.7,34.9,4.24,45.98
1906-10,0,8.3,19.1,30,2.18,33.8
1906-11,22.07,2.6,10.3,18,0.5,12.68
1906-12,142.28,2.7,8.4,14.1,0.15,7.12
1907-01,128.09,1.6,7.1,12.6,0.23,6.28
1907-02,54.85,6.4,12.3,18.1,0.07,9.84
1907-03,211.17,4,9.9,15.8,0.28,8.78
1907-04,28.84,8.2,16.2,24.1,1.05,20.01
1907-05,10.66,8.6,18.2,27.9,2.1,28.68
1907-06,19.61,13.3,22.1,30.9,4.46,34.29
1907-07,0,16.4,27.3,38.1,6.86,54.55
1907-08,0,15.9,26,36.1,6.42,48.25
1907-09,0,12.6,21.8,31,4.53,35.31
1907-10,21.92,11.6,18.9,26.2,2.67,23.27
1907-11,0,3.6,12.1,20.6,0.75,16.3
1907-12,82.6,2.9,8.7,14.5,0.3,7.81
1908-01,66.64,3.1,8.7,14.3,0.43,7.69
1908-02,53.69,2,8.1,14.3,0.11,7.8
1908-03,26.3,3.4,11.2,19.1,0.54,13.78
1908-04,18.09,6.5,15.9,25.3,1.65,24.12
1908-05,21.85,6.6,16.5,26.5,1.8,26.75
1908-06,0,10.8,21.8,32.7,3.69,40.51
1908-07,0,18.2,29.2,40.1,9,61.53
1908-08,0,17.4,27.3,37.1,7.91,51.5
1908-09,8.7,14.2,23.5,32.8,5.35,39.55
1908-10,14.96,6.8,16,25.2,2.04,24.26
1908-11,27.04,4.2,11.9,19.7,1.18,15.24
1908-12,26.07,0.9,5.9,10.8,0.4,5.25
1909-01,265.87,5.7,9.8,13.8,0.56,5.7
1909-02,125.42,3.7,8.6,13.5,0.15,5.96
1909-03,56.84,4.2,9.9,15.7,0.6,9.03
1909-04,1.02,7.6,16.1,24.6,1.84,22.29
1909-05,0,7.3,17.5,27.8,1.9,29.17
1909-06,12.22,13.1,23.2,33.4,4.6,41.37
1909-07,0,16.6,27.1,37.5,7.11,52.58
1909-08,0,15.8,26.5,37.3,6.49,52.45
1909-09,0,13.3,23.4,33.5,4.83,41.69
1909-10,23.27,8.4,16.8,25.3,2.23,23.35
1909-11,72.58,4.8,11.1,17.4,0.86,11.17
1909-12,163.08,1.9,6.7,11.6,0.16,5.03
1910-01,82.97,1.1,6.2,11.2,0.57,5.76
1910-02,28.9,2.4,8.3,14.1,0.28,7.64
1910-03,46.76,6.6,13.4,20.2,0.34,13.39
1910-04,14.7,8.6,17.1,25.6,1.44,23.2
1910-05,0.68,10.7,20.9,31.1,2.96,35.48
1910-06,0,15.4,24.5,33.6,6.66,41.7
1910-07,1.51,18.9,28.8,38.8,9.57,56.52
1910-08,0,15.3,27.2,39,6.29,58.3
1910-09,19.63,13.8,23.3,32.9,4.89,39.64
1910-10,17.7,9.6,18.2,26.7,2.4,25.78
1910-11,19.66,5.2,12.1,19,0.43,12.56
1910-12,29.38,2.9,9.2,15.5,0.4,9.14
1911-01,286.78,3.4,8.7,14,0.45,7.12
1911-02,71.64,1.6,7.1,12.6,0.1,6.04
1911-03,139.86,6.5,12.6,18.7,0.06,10.39
1911-04,32.52,6.2,14.4,22.7,0.99,18.73
1911-05,8.43,7.2,16.8,26.5,1.4,26
1911-06,0,12.6,23,33.5,4.29,41.89
1911-07,0,17,27.9,38.9,7.43,57.01
1911-08,0,12.9,24.6,36.2,4.57,49.63
1911-09,5.07,10.4,20.1,29.8,3.17,32.82
1911-10,3.07,7.6,16.6,25.7,2.28,25.07
1911-11,13.7,2.8,11.1,19.4,0.88,15.14
1911-12,31.78,-0.6,6.2,13.1,0.26,7.96
1912-01,41.44,2.7,8.6,14.5,0.46,8.13
1912-02,1.3,2.6,10.2,17.9,0.29,12.13
1912-03,90.94,3.9,9.8,15.7,0.15,8.34
1912-04,61.9,5.1,12.3,19.5,0.22,13.3
1912-05,16.77,8.1,17.7,27.3,1.68,27.33
1912-06,2.34,13,23.1,33.2,3.95,40.14
1912-07,0,16.3,26.2,36.1,6.41,48.09
1912-08,0,15,25.8,36.5,5.64,50.21
1912-09,6.99,12.1,22.1,32.1,3.77,37.97
1912-10,7.66,6.8,16.7,26.5,1.88,26.61
1912-11,23.19,3.4,11.5,19.6,0.99,15.29
1912-12,15.52,-0.6,6.9,14.3,0.33,9.47
1913-01,76.72,0.3,6,11.6,0.49,6.49
1913-02,44.99,2.4,8.8,15.3,0.13,8.69
1913-03,34.87,3.3,10.5,17.7,0.53,11.9
1913-04,31.94,5.9,14.9,23.8,1.26,21.25
1913-05,20.48,9.1,18.8,28.5,1.81,29.29
1913-06,15.08,12.4,22.2,31.9,3.46,36.71
1913-07,11.92,16.2,27.5,38.8,6.12,57.08
1913-08,9.61,17.7,28.4,39.1,7.2,57.22
1913-09,0,13.9,25,36,4.63,48.54
1913-10,0,8,18.2,28.4,2.31,30.41
1913-11,72.01,5.9,11.6,17.3,0.34,9.45
1913-12,82.63,1.9,7.2,12.5,0.13,5.91
1914-01,268.15,4.3,8.9,13.4,0.22,5.48
1914-02,64.82,3.8,10.3,16.8,0.07,9.66
1914-03,15.99,5.4,13.2,21,0.36,15.36
1914-04,37.45,7.1,14.8,22.4,0.85,17.48
1914-05,6.66,10,19.5,29,2.34,30.44
1914-06,7.81,12.3,22.6,32.8,3.95,39.78
1914-07,0,15.2,26.8,38.4,5.63,56.05
1914-08,0,15.9,26.7,37.4,6.54,52.69
1914-09,6.71,11.6,21.9,32.3,3.46,38.58
1914-10,15.71,9.1,17.7,26.4,2.08,25.13
1914-11,2.56,3.8,13,22.1,0.91,18.94
1914-12,67.29,0.7,6.3,11.9,0.07,5.77
1915-01,103.98,1.9,7.5,13.2,0.25,6.82
1915-02,142.42,4.1,9.3,14.6,0.04,6.45
1915-03,28.78,5.5,12.8,20.2,0.24,13.86
1915-04,43.61,7.4,14.6,21.7,0.36,15.49
1915-05,63.35,8.1,15.8,23.5,1.09,19.1
1915-06,0,11.6,22.9,34.2,3.81,44.14
1915-07,0,14.3,26,37.8,4.68,53.7
1915-08,0,16.6,27.7,38.7,7.41,56.98
1915-09,0,11.9,21.5,31.2,3.86,35.74
1915-10,0,7.2,18.3,29.4,2.17,33.13
1915-11,14.65,3.6,11,18.4,0.91,13.26
1915-12,89.42,2.1,8.1,14.1,0.27,7.7
1916-01,262.22,1,6,10.9,0.17,4.57
1916-02,70.54,5,11.4,17.8,0.02,10.18
1916-03,70,6.1,13.2,20.2,0.51,13.87
1916-04,18.35,6.6,15.9,25.2,1.29,23.46
1916-05,3.99,6.8,16.8,26.8,1.95,27.39
1916-06,0,11.3,22.1,33,3.73,40.78
1916-07,0,14.8,25.8,36.8,5.3,50.69
1916-08,2.79,15.6,25.7,35.8,5.82,47.29
1916-09,11.59,13,22.7,32.4,4.54,38.7
1916-10,54.38,6.4,14.2,21.9,1.29,17.49
1916-11,19.87,1.4,9.6,17.8,0.72,13.32
1916-12,96.63,-0.4,6.2,12.9,0.17,7.5
1917-01,36.34,-1.3,4.9,11.1,0.14,5.93
1917-02,122.12,1.9,8.7,15.5,0.17,9.35
1917-03,29.92,1.4,8.9,16.5,0.7,11.59
1917-04,10.4,4.3,13.5,22.6,0.82,19.55
1917-05,12.75,6.3,15.5,24.8,1.2,22.83
1917-06,0,13.4,24.5,35.7,5.15,48.23
1917-07,0,18.5,29.5,40.5,8.94,62.29
1917-08,0,16,27.2,38.4,6.62,55.97
1917-09,4.1,12.9,23.7,34.5,4.28,44.38
1917-10,0,9.6,20.1,30.6,3.18,35.56
1917-11,18.4,4.2,12.6,21,1.03,16.97
1917-12,4.71,1.6,9.5,17.4,0.38,12.25
1918-01,13.09,0.4,7.7,14.9,0.19,9.37
1918-02,144.67,2.9,8.8,14.8,0.33,8.22
1918-03,155.2,5.3,11.6,17.9,0.07,10.28
1918-04,2.36,5.7,14.6,23.4,1.01,20.38
1918-05,15.15,6.5,16,25.5,1.48,24.4
1918-06,0,16.7,27.3,37.9,7.73,54.41
1918-07,0,15.9,26.2,36.6,6.35,49.84
1918-08,0,15,25.8,36.6,5.63,50.13
1918-09,30.36,13.4,22.1,30.9,3.72,33.51
1918-10,24.69,9.4,18.2,27.1,2.07,26.11
1918-11,82.58,3.8,10.8,17.9,0.83,12.43
1918-12,45.83,0.3,6.8,13.3,0.31,7.86
1919-01,25.02,0.5,8,15.5,0.53,10.64
1919-02,112.37,2.2,7.7,13.3,0.16,6.64
1919-03,71.05,3.3,9.5,15.7,0.52,9.41
1919-04,2.46,6.7,15.2,23.8,1.46,21.01
1919-05,5.31,10,19.8,29.5,2.38,31.66
1919-06,0,13.3,23.9,34.5,5.23,44.63
1919-07,0,17.2,28.1,39,7.72,57.56
1919-08,0,15.8,27,38.2,6.42,55.42
1919-09,32.94,12.7,22.5,32.2,4.02,38.02
1919-10,11.19,6.1,15.1,24.1,1.74,22.3
1919-11,3.9,1.9,10.7,19.4,1.09,15.95
1919-12,63.12,1.6,7.9,14.1,0.41,8.22
1920-01,19.42,1.2,8.5,15.9,0.34,10.41
1920-02,54.53,2.8,9.8,16.7,0.12,10.19
1920-03,141.48,2.8,9.4,15.9,0.14,9.28
1920-04,53.04,5.4,13.7,22,0.96,17.89
1920-05,0,8.4,18.7,29.1,2.04,31.51
1920-06,3.77,12.8,23.2,33.5,4.52,41.7
1920-07,0,15.5,26.3,37.2,6.27,51.7
1920-08,1.73,16.3,27,37.7,6.6,53.23
1920-09,0,12.1,22.1,32,3.89,37.85
1920-10,36.89,6.4,14.4,22.5,1.45,18.68
1920-11,56.38,4.4,11,17.7,0.87,11.84
1920-12,72.42,2.3,7.8,13.3,0.37,6.89
1921-01,120.6,2.1,7.4,12.7,0.44,6.49
1921-02,47.33,3.5,9.9,16.3,0.54,9.96
1921-03,42.25,6.7,13.2,19.6,0.69,12.77
1921-04,7.3,5.7,14.6,23.5,1.47,21.01
1921-05,44.34,8.1,16.9,25.7,1.35,23.57
1921-06,0.12,14.6,24.5,34.4,5.86,43.9
1921-07,0,18.2,29,39.8,8.93,60.43
1921-08,0,15.9,26.6,37.4,6.67,52.67
1921-09,7.78,13.2,23.1,33,5.1,40.63
1921-10,3.07,9.4,18.7,28,2.42,28.68
1921-11,14.15,4.2,12.8,21.4,1.31,18.14
1921-12,178.49,3.4,9.2,15,0.25,8.02
1922-01,90.72,-0.6,4.9,10.5,0.4,5.62
1922-02,108.02,2.8,7.9,13,0.19,6.15
1922-03,80.59,3.1,9.6,16,0.42,9.76
1922-04,10.99,4.6,13,21.5,1.26,17.9
1922-05,27.58,9.3,19.3,29.2,2.22,31.39
1922-06,5.93,14.5,24.6,34.6,5.96,44.81
1922-07,4.18,18.4,29,39.5,9.07,59.21
1922-08,0,16.1,26.6,37,6.68,51.22
1922-09,0,16.2,26.4,36.7,6.91,50.38
1922-10,17.89,8.3,17.6,27,2.21,26.97
1922-11,55.75,3,9.9,16.8,0.97,11.7
1922-12,103.31,4.2,9,13.8,0.27,6.18
1923-01,91.63,2.3,7.4,12.6,0.57,6.53
1923-02,15.05,2.2,9.1,16.1,0.46,10.35
1923-03,14.02,4.5,12.3,20,1.12,15.34
1923-04,118.64,7,13.7,20.4,0.54,13.79
1923-05,9.24,9,18.6,28.2,2.25,29.2
1923-06,3.11,11.2,20.5,29.8,3.32,32.44
1923-07,0,15.8,26.5,37.2,6.37,52.06
1923-08,0,16.5,26.8,37.2,7.12,52.02
1923-09,30.33,15.4,24.5,33.6,5.56,40.86
1923-10,11.77,7.2,16.7,26.2,1.79,25.58
1923-11,7.13,4.1,13.2,22.3,0.87,18.95
1923-12,13.44,0.1,7.3,14.6,0.19,9.22
1924-01,34.5,-0.7,6.9,14.6,0.42,9.94
1924-02,16.12,4.9,12.1,19.4,0.43,13.36
1924-03,90.6,3.1,10.4,17.8,0.4,12
1924-04,19.28,6.1,15.4,24.7,1.15,22.54
1924-05,2.5,10.4,21.6,32.8,2.37,39.89
1924-06,0,13.1,24.7,36.3,4.86,50.18
1924-07,0,15.3,27,38.8,5.97,57.25
1924-08,0,15.4,26.6,37.7,6.35,54.12
1924-09,0,13.2,23.9,34.6,4.89,45.1
1924-10,49.21,6.9,15.8,24.6,1.57,22.42
1924-11,58.91,4.2,11.7,19.2,1.16,14.52
1924-12,86.89,2,6.8,11.6,0.29,5.31
1925-01,27.25,2.2,8,13.8,0.53,7.75
1925-02,98.67,5,11.1,17.2,0.19,9.69
1925-03,66.52,5.1,12.2,19.3,0.77,13.5
1925-04,55.77,7.1,14.6,22.1,0.36,16.31
1925-05,38.25,9.3,18.9,28.5,1.19,28.54
1925-06,4.88,13.4,23.6,33.8,4.22,41.9
1925-07,0.53,16.9,27.8,38.8,7.02,56.58
1925-08,0.9,14,24.9,35.8,4.86,47.64
1925-09,2.11,10.4,20.1,29.8,2.99,32.56
1925-10,29.39,6.9,16,25.1,1.41,23.11
1925-11,21.39,3.7,11,18.3,0.66,12.69
1925-12,32.74,2.1,8.6,15.1,0.26,8.94
1926-01,56.85,0,6.3,12.5,0.36,7.29
1926-02,90.97,4.3,10.2,16.1,0.01,8.24
1926-03,18.56,6.8,14.1,21.4,0.34,14.83
1926-04,81.34,10.1,17.2,24.4,0.14,17.65
1926-05,6.02,10.2,20,29.8,2.27,32.11
1926-06,0.37,15,26.3,37.6,6.29,53.79
1926-07,0,16.9,28.1,39.3,7.38,58.74
1926-08,0,15.6,26.6,37.6,6.22,53.39
1926-09,0,10.2,21.5,32.7,3.23,40.43
1926-10,3.86,8.3,18.4,28.5,2.14,30.2
1926-11,152.23,6.8,14.7,22.5,1.4,18.38
1926-12,24.81,0.8,6.8,12.9,0.01,6.55
1927-01,70.7,2.5,8.3,14.1,0.3,7.54
1927-02,131.57,4.9,10.2,15.5,0.01,7
1927-03,51.59,4.4,11,17.6,0.38,10.92
1927-04,35.86,6.3,14.8,23.3,1.31,20.01
1927-05,4.1,8,18.3,28.7,1.99,30.81
1927-06,3.87,12.9,23.5,34,4.58,43.41
1927-07,0,16.7,27.8,38.9,7.25,57.36
1927-08,0,15.3,26.1,37,6.12,51.51
1927-09,0,10.4,20.7,31,2.97,35.68
1927-10,68.43,9.1,18.7,28.2,2.05,28.94
1927-11,62.93,6.5,12.4,18.2,0.68,10.88
1927-12,46.08,1.4,7.3,13.2,0.21,7.05
1928-01,27.97,1.5,7.5,13.5,0.4,7.55
1928-02,44.07,3,10.1,17.1,0.39,11.21
1928-03,81.99,6.8,13.4,20,0.33,12.7
1928-04,22.17,6.5,15,23.5,1.27,20.15
1928-05,3.89,11.7,21.4,31.2,2.75,34.78
1928-06,0,13.1,23.6,34.2,4.64,43.77
1928-07,0,15.3,26.7,38.1,5.87,55.04
1928-08,0,15.6,26.9,38.2,6.47,55.48
1928-09,0,12.9,23.8,34.7,4.68,45.42
1928-10,0,8.1,17.5,26.9,2.43,27.25
1928-11,67.29,4.4,11.6,18.9,0.95,13.62
1928-12,55.65,1.1,6.9,12.6,0.33,6.78
1929-01,42.71,1,6.4,11.8,0.51,6.26
1929-02,30.55,1.5,8,14.5,0.44,8.88
1929-03,57.21,4.3,11.1,17.9,0.56,11.8
1929-04,46.1,4.7,12.8,20.8,0.85,16.3
1929-05,0,9.8,19.9,30.1,2.57,33.57
1929-06,37.43,13.4,23.2,32.9,4.56,39.57
1929-07,0,16.4,27.4,38.4,6.8,55.89
1929-08,0,17.4,28.1,38.8,7.71,56.94
1929-09,5.19,13.4,23.4,33.4,4.86,41.53
1929-10,0,9.8,19.5,29.2,2.9,31.75
1929-11,0,2.5,12.7,23,1.21,21.57
1929-12,12.25,3.6,10.4,17.2,0.48,11.04
1930-01,113.63,1.6,6.7,11.8,0.19,5.4
1930-02,65.46,4.9,11.6,18.3,0.3,11.54
1930-03,52.98,5.4,12.3,19.3,0.32,12.67
1930-04,22.33,8.1,16.3,24.5,1.15,20.94
1930-05,21.65,7.7,16.4,25.1,1.7,23.06
1930-06,0,13.8,24.7,35.6,5.46,47.94
1930-07,0,16.7,27.6,38.5,7.18,56.05
1930-08,0,16,26.4,36.8,6.42,50.65
1930-09,11.08,12.1,21,30,3.86,32.55
1930-10,2.43,7.7,17.2,26.7,2.25,26.95
1930-11,48.86,4.3,12.2,20.1,1.19,15.77
1930-12,5.45,-0.5,7.3,15.2,0.51,10.7
1931-01,77.19,2.2,8.2,14.2,0.29,7.88
1931-02,35.24,4.9,10.7,16.5,0.02,8.39
1931-03,22.35,5.1,12.9,20.6,0.62,15.29
1931-04,18.54,8.5,17.7,27,1.56,26.03
1931-05,32.1,12.2,22.3,32.4,2.58,37.35
1931-06,18.8,13.7,23.2,32.7,4.52,38.79
1931-07,0,19.9,31.1,42.3,10.57,68.82
1931-08,0.52,18.6,29.1,39.6,8.75,59.24
1931-09,1.9,12.6,22.2,31.9,4.11,37.47
1931-10,0.85,8.4,17.8,27.2,2.31,27.56
1931-11,63.43,3.3,10.4,17.5,0.7,12.02
1931-12,160.53,1.8,7,12.2,0.13,5.72
1932-01,82.44,0,5.4,10.8,0.21,5.31
1932-02,93.91,3.1,8.7,14.3,0.19,7.33
1932-03,25.03,5.5,12.6,19.6,0.58,13.33
1932-04,15.67,5.7,14.2,22.8,1.21,19.42
1932-05,17.52,9.9,19.1,28.3,1.91,28.55
1932-06,0.29,14.4,24.5,34.6,5.71,44.69
1932-07,0,15.7,26.6,37.5,6.2,52.94
1932-08,0,15.4,26.1,36.9,6.09,51.17
1932-09,0,15.4,25.4,35.5,6.46,47.04
1932-10,0,8.4,17.7,27,2.45,27.46
1932-11,5.89,5.8,14.4,22.9,1.41,19.86
1932-12,45.12,-0.5,5.4,11.2,0.15,5.9
1933-01,158.22,-0.1,4.9,9.9,0.29,4.64
1933-02,14.42,1,7.7,14.3,0.48,8.91
1933-03,49.23,5.1,11.9,18.7,0.7,12.61
1933-04,4.63,6.8,15.1,23.4,1.35,19.94
1933-05,38.23,7.6,16.1,24.5,1.73,22.08
1933-06,3.8,13.1,22.9,32.6,4.64,39.16
1933-07,0,18.7,29.5,40.3,9.42,62.01
1933-08,0,17.9,28.1,38.3,8.25,54.97
1933-09,0,12.6,22.6,32.5,4.68,39.55
1933-10,20.95,11.6,21.3,30.9,3.44,34.95
1933-11,0.67,4.7,13.4,22.1,1.53,19.42
1933-12,89.67,2.6,8.4,14.3,0.43,8.02
1934-01,37.94,2,8,13.9,0.24,7.6
1934-02,76.41,5.3,11.2,17.2,0.03,9.16
1934-03,1.51,8.4,16.2,24,0.84,19.07
1934-04,0,9.4,18.7,28,2.02,28.3
1934-05,17.74,11.3,21.1,30.9,2.65,34.41
1934-06,8.02,13.6,22.9,32.1,4.58,37.45
1934-07,0,16.4,27.8,39.1,6.75,58.03
1934-08,0,16.9,27.8,38.8,7.34,56.99
1934-09,4.89,13.9,24.3,34.8,5.11,45.31
1934-10,32.77,9.6,18.5,27.4,2.29,26.98
1934-11,92.98,6.2,12.2,18.3,0.59,11.01
1934-12,73.25,2.9,8.3,13.8,0.2,6.84
1935-01,119.21,2.1,7.3,12.5,0.3,6.02
1935-02,59.37,4.1,9.4,14.7,0.25,7.29
1935-03,98.3,2.7,9,15.3,0.41,9.05
1935-04,107.43,7.4,14.5,21.7,0.42,15.5
1935-05,1.11,9.2,18.6,28.1,2.36,29.04
1935-06,0,14.2,25.3,36.4,5.65,50.22
1935-07,0,15.8,26.5,37.3,6.31,52.41
1935-08,0,16.8,27.6,38.4,6.92,55.42
1935-09,0.61,14.1,24.6,35.1,5.29,46.32
1935-10,27.12,8.3,16.9,25.5,2.18,23.89
1935-11,19.37,2.3,10.1,17.8,0.91,13.17
1935-12,36.64,1.9,8.8,15.6,0.55,10.06
1936-01,67.36,3.3,8.9,14.5,0.51,7.91
1936-02,248.84,3.6,8.8,14,0.15,6.6
1936-03,51.97,5.6,12.8,20,0.56,13.97
1936-04,28.68,7.6,16.1,24.5,1.25,21.31
1936-05,5.77,10.2,20.2,30.2,2.39,33.24
1936-06,9.37,14.1,24.1,34.2,5.18,43.12
1936-07,1.98,18.5,29.1,39.6,8.77,59.28
1936-08,0,17.4,28.3,39.1,7.82,58
1936-09,0,13.3,24.3,35.2,4.79,46.66
1936-10,50.66,10.4,19.2,27.9,2.41,27.8
1936-11,0.22,4,12.9,21.9,1.38,19.08
1936-12,135.05,1.6,7.4,13.3,0.29,7.04
1937-01,81.39,-2.4,2.8,8,0.24,4.02
1937-02,145.08,2.9,8.6,14.3,0.23,7.36
1937-03,109.52,4.9,11.2,17.6,0.19,10.31
1937-04,24.66,6.1,14.2,22.2,1.1,17.97
1937-05,0,10.2,20.4,30.6,2.64,34.64
1937-06,0,13.9,23.8,33.7,4.83,41.55
1937-07,0,17.8,28.6,39.5,8.04,59.12
1937-08,0,16.2,27.4,38.7,6.66,56.76
1937-09,0,13.6,24,34.5,4.82,44.12
1937-10,2.06,9.3,19.1,29,2.64,31.16
1937-11,13,5.6,13,20.5,1.03,15.45
1937-12,137.06,3.3,9.7,16,0.26,9.36
1938-01,95.39,2.4,8,13.7,0.42,7.38
1938-02,171.51,3.6,9,14.4,0.06,6.72
1938-03,226.1,3.8,9.5,15.1,0.06,7.49
1938-04,60.76,6.7,14.6,22.4,0.73,17.56
1938-05,4.62,9.7,19.7,29.6,2.24,32.04
1938-06,0.04,14.9,25.1,35.3,6.02,46.34
1938-07,2.99,17.7,28.3,38.8,7.92,56.97
1938-08,0,16.2,26.9,37.7,6.65,53.45
1938-09,3.18,14.6,24.7,34.8,5.22,44.4
1938-10,35.25,8.6,17.5,26.4,2.01,25.13
1938-11,17.91,2.7,10.6,18.5,1.26,14.51
1938-12,35.9,3.5,9.2,14.9,0.2,7.73
1939-01,65.04,2,7.9,13.9,0.29,7.6
1939-02,50.33,0.9,7,13.2,0.35,7.57
1939-03,69.14,5.1,11.7,18.4,0.38,11.57
1939-04,13.16,9.1,18,27,1.71,25.7
1939-05,11.31,9.8,20,30.3,2.28,33.58
1939-06,5.59,13.5,24.5,35.5,5.21,48
1939-07,0,16.3,27.9,39.5,6.62,59.44
1939-08,0,16.4,28,39.6,6.81,60.17
1939-09,31.44,14.9,24.9,34.8,4.87,44.27
1939-10,29.92,8.5,18,27.4,2.31,27.99
1939-11,1.25,4.6,14,23.4,1.2,21.11
1939-12,16.17,3.2,10.3,17.5,0.39,11.6
1940-01,230.93,4.6,9.3,14,0.18,5.98
1940-02,138.63,5.4,10.7,15.9,0.06,7.56
1940-03,59.31,6.2,13.1,20,0.28,13.09
1940-04,24.99,7.5,15.8,24.1,0.67,19.92
1940-05,0,10.9,21.5,32,2.58,37.33
1940-06,0,15.4,26.5,37.7,6.53,54.16
1940-07,0,15.8,27,38.3,6.61,55.58
1940-08,0,15.9,27.3,38.7,6.7,57.21
1940-09,0,12.3,22.1,31.8,3.88,36.73
1940-10,42.05,9.6,18.7,27.8,2.31,27.76
1940-11,3.17,3.6,11.3,19,0.84,13.98
1940-12,185.08,4.2,10.6,17,0.25,10.07
1941-01,84.7,4,9.5,15.1,0.03,7.3
1941-02,148.46,6.3,11.3,16.3,0.04,7.02
1941-03,69.85,6.2,12.7,19.2,0.15,11.29
1941-04,101.35,5.8,13.4,20.9,0.28,14.7
1941-05,3.93,10.2,19.7,29.2,2,30.12
1941-06,0,12.3,22.6,32.8,3.88,39.72
1941-07,0,16.6,27.9,39.2,6.91,58.3
1941-08,0.91,14.8,25,35.2,5.16,45.69
1941-09,0,11,21.6,32.2,3.55,39.22
1941-10,28.96,7.7,16.4,25.2,1.65,23.03
1941-11,24.52,5.3,13.2,21,0.94,16.09
1941-12,148.83,3.5,8.8,14.1,0.16,6.35
1942-01,78.02,2.6,8.3,14.1,0.08,6.88
1942-02,50.85,1.9,8.2,14.6,0.02,6.85
1942-03,45.38,3,11,19,0.43,12.79
1942-04,68.77,6.2,13.8,21.4,0.03,14.96
1942-05,29.49,7.7,17.2,26.7,0.82,25.86
1942-06,0,12.3,23.4,34.5,4.47,43.5
1942-07,0,17.4,28.5,39.7,8.41,59.07
1942-08,0,16,27.2,38.3,7.18,53.9
1942-09,0,12.5,22.8,33.2,4.05,39.58
1942-10,1.04,9.8,19.2,28.5,2.99,29.64
1942-11,54.22,4.9,12.1,19.2,0.74,12.26
1942-12,54.05,2.8,8.2,13.6,0.01,6.01
1943-01,119.03,1.7,8,14.3,0.32,7.48
1943-02,52.1,3.8,10.5,17.1,0.16,9.85
1943-03,127.89,6.5,12.3,18.1,0.04,8.2
1943-04,27.68,7.5,15.4,23.2,0.1,16.17
1943-05,0.18,9.2,19.8,30.3,1.72,33.11
1943-06,0,10.6,21.1,31.5,3.49,37.01
1943-07,0,15.8,26.8,37.9,6.62,51.38
1943-08,0,13.8,25,36.3,5.45,48.18
1943-09,0,13.6,24.7,35.7,4.43,46.15
1943-10,9.27,8.7,18.1,27.5,1.99,28.42
1943-11,16.05,4.3,12.8,21.3,1.28,16.53
1943-12,54.67,2.7,8.8,14.9,0.32,8.2
1944-01,64.97,1.8,8.1,14.4,0.22,7.92
1944-02,120.15,2.3,8,13.7,0.21,7.15
1944-03,28.91,3.1,10.9,18.6,0.55,13.1
1944-04,45.21,4.5,12.6,20.7,0.14,14.89
1944-05,7.55,9.6,19.3,28.9,1.55,29.17
1944-06,4.08,11.5,21.1,30.8,2.73,31.9
1944-07,0,15.4,26.4,37.4,6.07,51.57
1944-08,0,14.1,25.9,37.6,6.25,54.86
1944-09,0.83,13.2,24.2,35.1,5.12,47.25
1944-10,22.06,9.4,19.1,28.9,1.99,28.11
1944-11,113.71,4.6,10.5,16.4,0.02,7.49
1944-12,57.97,2.7,8.9,15.1,0.03,7.02
1945-01,9.26,1.2,6.6,12,0.03,5.57
1945-02,127.01,4,9.8,15.6,0.16,6.89
1945-03,108.03,2.5,8.7,14.9,0,6.71
1945-04,11.9,5.6,14.6,23.6,0.67,19.86
1945-05,12.24,8.4,17.8,27.3,0.77,25.31
1945-06,7.55,12.7,23.4,34.2,4.12,42.04
1945-07,0,16.9,28.6,40.2,6.88,62.22
1945-08,0,15.1,26.3,37.6,6.45,54.72
1945-09,2.09,13.6,24.3,35.1,5.2,46.36
1945-10,50.07,10.6,19.1,27.6,2.01,25.94
1945-11,39.94,4.4,11.2,18.1,0.15,10.81
1945-12,89.26,3.4,8.5,13.6,0.19,6.15
1946-01,21.19,0.2,6.9,13.6,0.19,7.7
1946-02,54.45,1.3,8,14.8,0.26,8.54
1946-03,85.86,3.8,11,18.2,0.13,11.62
1946-04,5.2,6.3,15.8,25.3,0.33,22.38
1946-05,23.14,8.8,18.6,28.5,1.35,28.33
1946-06,0,11.8,22.6,33.3,3.31,39.78
1946-07,1.03,16.3,27.2,38.1,5.42,50.66
1946-08,0,15.5,27.1,38.7,6.13,55.54
1946-09,0,12.4,23.3,34.3,4.33,42.78
1946-10,41.8,7.5,16.1,24.8,1.95,23.04
1946-11,97.5,3,9.8,16.5,0.33,9.94
1946-12,85.24,3.6,8.1,12.6,0,4.68
1947-01,14.64,-0.6,5.4,11.5,0.2,6.55
1947-02,34.39,4.7,10.6,16.4,0.01,8.16
1947-03,32.07,6,13.1,20.3,0,12.8
1947-04,8.49,7.3,16.5,25.7,0.59,22.99
1947-05,14.28,11.2,21.8,32.4,2.45,38.48
1947-06,1.87,13.8,23.9,34,4.01,42.29
1947-07,0,14.2,25.6,37,5.22,50.78
1947-08,0,14.4,25.1,35.8,5.08,46.18
1947-09,4.48,13.6,24.7,35.8,5.39,47.11
1947-10,33.35,9.8,17.9,26,1.45,22.21
1947-11,18.96,2.7,9.8,16.9,0.39,10.46
1947-12,18.25,1,7.2,13.5,0.01,6.3
1948-01,3.4,2.3,10.2,18.2,0.81,12.3
1948-02,36.38,1.4,8.3,15.2,0.36,9.45
1948-03,102.74,2.7,9.6,16.5,0.17,9.69
1948-04,98.3,6.4,13.8,21.1,0.28,14.63
1948-05,38.46,7.9,16.9,26,1.1,22.35
1948-06,0.42,12.8,23.1,33.5,3.14,37.95
1948-07,0,14.7,26.2,37.7,5.14,53.14
1948-08,0,14.2,25.4,36.7,5.25,49.8
1948-09,0,12.1,23.3,34.3,4.75,45.33
1948-10,7.34,8.2,17.9,27.7,1.19,27.03
1948-11,3.85,2.2,11,19.9,1.12,15.42
1948-12,52.25,0.9,6.1,11.3,0.12,5.5
1949-01,50.08,-2.7,3.4,9.5,0.32,6.48
1949-02,44.57,0.6,6.9,13.1,0,6.81
1949-03,81.17,4.8,10.4,16.1,0,8
1949-04,0.25,7.8,16.9,26,0.74,23.23
1949-05,34.59,9.3,18.7,28.1,0.7,28.01
1949-06,0,13.7,24.7,35.7,4.51,48.69
1949-07,0,15.2,26.9,38.5,5.36,56.06
1949-08,0,14.4,24.9,35.3,4.6,44.98
1949-09,0,13.2,24.2,35.2,4.18,46.46
1949-10,0,7.1,17.3,27.6,2.63,29.26
1949-11,31.3,6.7,15,23.3,1.21,18.06
1949-12,45.93,0.8,7.2,13.6,0.01,7.35
1950-01,117.76,-0.2,5.5,11.2,0,5.49
1950-02,59.24,3.6,10.4,17.3,0,8.97
1950-03,57.09,3.6,10.9,18.2,0,11.32
1950-04,43.93,7.2,16.4,25.5,0.19,22.64
1950-05,1.79,9.3,19.7,30.1,1.86,34.04
1950-06,0,12.3,23,33.6,3.54,41
1950-07,1.11,16.7,28.4,40,5.75,59.2
1950-08,0,15.2,26.7,38.3,5.12,54.72
1950-09,5.73,12.8,22.8,32.9,2.97,38.6
1950-10,47.88,9.5,19.1,28.7,1.66,27.87
1950-11,154.11,7.9,14.4,21,0.01,11.44
1950-12,86.44,5.9,10.6,15.3,0,5.35
1951-01,71.18,2.2,7.5,12.7,0,5.36
1951-02,59.27,2.6,9.3,16.1,0,8.62
1951-03,17.26,3.2,11.2,19.2,0.02,13.74
1951-04,34.74,6.6,15.4,24.3,0,19.37
1951-05,0.76,9,19.1,29.1,0.61,30.64
1951-06,0.94,12.1,23.3,34.5,2.75,42.64
1951-07,0,15.1,26.8,38.5,4.73,54.46
1951-08,0,14.6,26.2,37.8,4.28,53.48
1951-09,0,13.4,24.4,35.5,3.17,44.88
1951-10,20.24,7.7,17.6,27.6,1.49,28.21
1951-11,40.02,5.1,12.7,20.3,0.21,13.68
1951-12,145.54,1.3,7,12.6,0,5.58
1952-01,155.57,0.9,6.5,12,0,5.75
1952-02,35.63,2.9,9.3,15.7,0,8.59
1952-03,134,2.7,8.6,14.6,0,7.92
1952-04,56.21,8.1,15.7,23.3,0.23,17.73
1952-05,0.57,11.2,21.2,31.1,2.32,34.59
1952-06,0.11,10.9,21,31,2.29,34.15
1952-07,0.45,17.4,28.2,39,5.68,54.11
1952-08,0,15.2,26.7,38.1,4.58,52.28
1952-09,2.59,14.4,24.8,35.2,4.36,44
1952-10,1.66,10.6,20.8,31,2.09,32.64
1952-11,47.23,3.5,11.1,18.8,0.45,13.38
1952-12,127.34,2.7,8,13.3,0,5.85
1953-01,59.55,4.1,9.9,15.7,0,6.71
1953-02,3.45,2,9.5,17,0.43,11.11
1953-03,30.95,3.3,11.2,19.1,0.24,13.45
1953-04,40.83,5.9,14.7,23.5,0.16,19.93
1953-05,17.1,6.8,15.8,24.8,0.45,22.29
1953-06,17.16,10.8,20.7,30.6,2.29,33.72
1953-07,0,17.3,28.5,39.7,7.3,59.37
1953-08,0,14.4,24.8,35.3,3.47,44.12
1953-09,0,14.4,24.6,34.9,3.3,41.89
1953-10,10.65,7.8,17.7,27.6,2.02,28.61
1953-11,47.89,5.8,12.7,19.6,0.5,12.87
1953-12,25.36,1.5,8.2,14.9,0.21,8.23
1954-01,76.7,1.8,8.1,14.3,0.24,7.77
1954-02,56.92,3.8,10.1,16.4,0.01,8.69
1954-03,101.56,3.5,10.1,16.7,0,9.42
1954-04,28.54,8.4,17,25.6,0.01,21.47
1954-05,5.23,9.9,20.5,31.1,1.43,34.4
1954-06,17.61,12.1,22.4,32.8,3.52,40.31
1954-07,0,16.5,28.1,39.8,6.54,57.61
1954-08,0,13.3,24.4,35.5,3.62,46.11
1954-09,0,11.2,22.2,33.1,3.11,39.76
1954-10,0,7.8,18,28.3,2.24,29.6
1954-11,50.82,5.2,12.1,19.1,0.29,12
1954-12,63.74,1.8,7,12.2,0.11,6.14
1955-01,113.83,0.2,5.4,10.6,0,4.65
1955-02,48.71,1.3,8.3,15.4,0.21,9.84
1955-03,6.42,3.1,11.2,19.3,0.22,14.35
1955-04,48.89,3.4,12.1,20.9,0.07,17.51
1955-05,33.94,8.8,18.1,27.3,0.43,26.75
1955-06,0.12,12.2,22.5,32.8,3.73,39.48
1955-07,0,14.3,25.2,36,5.26,48.16
1955-08,0,16.7,27.9,39.1,6.99,57.67
1955-09,0,13.3,24.2,35.1,5.08,47.07
1955-10,0,9,19.1,29.1,2.23,29.9
1955-11,48.51,3.5,10.9,18.4,0.9,13.21
1955-12,289.94,5.4,9.6,13.8,0,4.85
1956-01,111.4,4.5,9.1,13.6,0,4.88
1956-02,26.8,0.9,7.4,13.8,0.07,7.7
1956-03,0.52,3.3,11.5,19.6,0.25,14.31
1956-04,65.39,6.7,14.2,21.6,0.23,16.28
1956-05,38.09,9.8,18.9,27.9,0.76,26.77
1956-06,0,13.1,23.7,34.3,4.36,43.86
1956-07,0,16.4,27.1,37.8,5.45,52.28
1956-08,0,14.1,24.9,35.7,4.2,46.71
1956-09,1.26,13.4,23.9,34.5,3.61,42.25
1956-10,35.11,8.3,16.9,25.4,1.24,22.65
1956-11,0,3.2,12.2,21.2,1.41,17.84
1956-12,17.99,0.4,8.1,15.7,0.37,10.26
1957-01,71.41,-0.5,5.8,12.1,0,6.12
1957-02,52.1,6.2,11.2,16.2,0.01,6.71
1957-03,48.08,5.4,11.9,18.3,0.01,10.45
1957-04,39.84,6.3,14.7,23.2,0.39,18.54
1957-05,74.56,9.4,17.7,26,0.67,22.51
1957-06,4.12,14.6,25.2,35.8,4.89,48.23
1957-07,0,16.3,27.4,38.4,6.11,55.34
1957-08,0,14.2,25.4,36.7,5.04,50.77
1957-09,11.05,13.7,23.7,33.8,3.96,40.79
1957-10,26.54,8.9,16.7,24.5,1.03,19.58
1957-11,25.73,4,10.9,17.7,0.16,10.75
1957-12,75.89,2,7.8,13.6,0,6.77
1958-01,87.52,2,8,14,0,6.55
1958-02,129.42,5.4,11.2,17,0,7.48
1958-03,174.99,3.6,9.4,15.2,0,7.95
1958-04,95.38,5.9,13.9,21.9,0,16.42
1958-05,23.93,10.2,20.3,30.4,0.74,31.7
1958-06,2.82,12.4,22.5,32.6,2.29,37.68
1958-07,3.03,16,26.6,37.3,4.4,50.23
1958-08,0,18.6,28.8,39.1,6.76,54.89
1958-09,14.11,13.7,24,34.3,3.72,43.57
1958-10,0,10.9,20.8,30.7,2.58,33.19
1958-11,8.57,4,12.3,20.6,0.75,15.81
1958-12,10.89,2.5,10.8,19.1,0.75,13.33
1959-01,69.32,3.6,9.4,15.3,0.07,7.65
1959-02,107.7,2.9,8.9,14.9,0.06,8.38
1959-03,3.98,5.1,13.3,21.6,0.03,16.26
1959-04,18.55,7.6,17.6,27.5,0.53,26.35
1959-05,4.24,7.7,17.7,27.6,1.25,28.23
1959-06,0,13.9,24.9,35.9,4.81,48.68
1959-07,0,17.8,29.1,40.3,7.69,62.3
1959-08,0,15.4,26.2,36.9,5.31,51.17
1959-09,68.38,13,22.3,31.7,3.12,35.5
1959-10,0,9.8,19.2,28.5,2.17,28.72
1959-11,0,3.7,13.2,22.7,1.62,19.4
1959-12,13.56,0.8,8.8,16.9,0.9,12.15
1960-01,67.79,1.2,7.5,13.8,0.22,8.25
1960-02,97.78,3,9,14.9,0,7.29
1960-03,38.86,5,12.6,20.1,0,13.34
1960-04,47.22,5.6,14.5,23.5,0.04,19.74
1960-05,1.78,7.7,17.9,28.1,0.84,29.35
1960-06,0,15.6,26.9,38.2,5.4,55.6
1960-07,0,17.8,28.8,39.8,7.55,60.2
1960-08,0,15,26.5,37.9,5.56,55.79
1960-09,0,13.6,24.6,35.7,4.92,46.78
1960-10,6.64,8.1,17.5,26.9,2.2,26.21
1960-11,94.64,4.3,10.7,17.1,0.12,9.33
1960-12,27.92,0.7,6.8,12.9,0,6.57
1961-01,47.86,-0.1,6.8,13.8,0,8.01
1961-02,21.18,3.4,10.2,16.9,0,9.25
1961-03,47.04,3.1,10.4,17.8,0,11.47
1961-04,17.79,5.9,15.5,25,0.59,23.27
1961-05,20.87,7.5,17,26.5,0.88,25.07
1961-06,2.61,15.5,26.1,36.8,5.58,51.94
1961-07,1.35,17.3,28.7,40.1,8.08,62.19
1961-08,0.05,17.3,27.6,37.9,6.35,51.74
1961-09,0.9,11.8,22.3,32.8,3.78,39.31
1961-10,2.59,8,18.1,28.2,2.97,31.49
1961-11,58.94,2.8,10.8,18.7,1.03,14.03
1961-12,45.31,1.5,6.5,11.4,0,4.54
1962-01,53.6,-1.2,5.3,11.7,0.03,6.61
1962-02,221.69,3.1,8,12.9,0,4.43
1962-03,54.7,2.4,9.2,16,0.07,9.22
1962-04,3.97,7,16.6,26.3,1.39,24.38
1962-05,3.8,7.1,16.7,26.2,1.04,25.37
1962-06,0.24,12.5,23.5,34.4,4.37,45.43
1962-07,0.22,14.9,26.6,38.3,6.2,56.37
1962-08,0,14.6,25.9,37.2,5.33,51.06
1962-09,2.19,12.6,23.6,34.5,3.56,42.96
1962-10,27.96,9.3,17.7,26.1,1.38,22.48
1962-11,3.17,5.3,12.9,20.5,0.48,13.65
1962-12,29.87,2.4,9.1,15.8,0.25,8.69
1963-01,82.41,-1.2,5.9,13,0.57,8.5
1963-02,102.69,7.5,13.1,18.8,0,7.84
1963-03,83.49,3.7,10.5,17.3,0.22,10.61
1963-04,112.3,5.4,11.9,18.4,0.22,11.31
1963-05,16.56,10.1,18.5,26.9,0.74,22.56
1963-06,2.86,12.3,21.9,31.4,3.16,35.38
1963-07,0,14,25.2,36.5,5.21,50.39
1963-08,0,14.7,25.6,36.5,5.82,49.8
1963-09,6.85,14.7,24.3,34,3.6,40.33
1963-10,37.86,10.2,18.3,26.4,1.16,22.39
1963-11,90.95,5.7,11.2,16.6,0.36,8.18
1963-12,9.08,1,5.9,10.9,0.19,4.97
1964-01,41.21,1.1,6.6,12.1,0.45,6.08
1964-02,1.63,1.3,8.7,16.1,0.92,11.11
1964-03,50.91,2.9,10,17.1,0.83,12.11
1964-04,26.02,5.6,14.2,22.7,1.04,19.8
1964-05,19.27,7.8,17.1,26.4,1.54,26.46
1964-06,6.12,12.5,22.5,32.5,4.06,39.91
1964-07,0,16.2,27.2,38.2,6.9,55.29
1964-08,0,16.2,26.9,37.6,6.72,52.91
1964-09,6.92,11.3,21.7,32.2,3.66,38.21
1964-10,38.06,10.8,20.3,29.8,3.1,31.48
1964-11,77.5,3.9,10,16.1,0.21,8.47
1964-12,128.25,4.7,9.2,13.7,0.32,4.94
1965-01,69.64,3,7.5,12.1,0.08,4.92
1965-02,15.83,2.6,9.2,15.8,0.36,9.58
1965-03,45.26,4.6,11.3,18.1,0.27,11.01
1965-04,89.88,7.9,14.2,20.5,0.12,13.21
1965-05,0.76,7.8,18.1,28.4,1.52,30.48
1965-06,0,11.6,21.3,31.1,2.75,34.66
1965-07,0,15.4,26.1,36.9,4.98,50.55
1965-08,5.25,16.1,26.5,36.8,5.17,49.49
1965-09,0,11,20.8,30.6,3.33,34.68
1965-10,7.12,9.3,19.5,29.6,2.89,32.66
1965-11,128.24,6.8,12.7,18.7,0.46,10.86
1965-12,70.65,1.3,6,10.8,0.02,4.59
1966-01,28.07,0.7,6.9,13,0.28,7.11
1966-02,31.68,1.8,8.1,14.3,0.07,7.88
1966-03,4.61,4.8,12.2,19.7,0.34,13.59
1966-04,16.6,7.9,17.5,27.1,0.86,26.32
1966-05,9.08,11,20.9,30.9,2.18,34.12
1966-06,1.89,13.8,24,34.1,4.45,43.17
1966-07,1.35,14.6,25.6,36.6,5.08,49.71
1966-08,0,16.5,27.7,38.9,6.63,57.69
1966-09,1.76,12.7,22.7,32.7,3.45,38.71
1966-10,0,8.6,18.4,28.1,2.41,29.32
1966-11,61.69,7.2,13.8,20.4,0.59,13.44
1966-12,142.12,3.5,7.6,11.6,0,3.96
1967-01,94.71,2.2,7.8,13.4,0.28,6.96
1967-02,17.95,3.3,9,14.8,0.01,7.28
1967-03,95.97,4.8,11,17.1,0.05,9.33
1967-04,185.11,3.8,9.6,15.4,0,7.72
1967-05,11.61,9,18.5,28,0.83,27.02
1967-06,8.58,12.3,22.1,31.8,2.47,36.07
1967-07,0,17.5,28.7,39.9,7.04,60.43
1967-08,0,18.5,29.3,40.2,7.24,60.68
1967-09,6.28,15.3,25.1,34.8,4.38,43.38
1967-10,2.04,8.8,18.8,28.8,2.11,30.19
1967-11,42.52,7.7,14.4,21,0.73,14.1
1967-12,54.93,-0.6,5.7,11.9,0.05,6.4
1968-01,44.94,0.7,6.9,13.1,0.1,7.16
1968-02,41.74,6.6,12.1,17.6,0,7.5
1968-03,52.78,5,12.1,19.2,0.02,11.65
1968-04,16.92,5.9,15.2,24.6,1.37,22.59
1968-05,13.97,8.2,18.4,28.6,1.44,30.14
1968-06,0,13.9,24.8,35.6,5,47.95
1968-07,0,16.9,27.8,38.6,7.83,56.86
1968-08,0,14.4,24.7,35,4.49,45.23
1968-09,0,13,23.6,34.1,3.97,43.07
1968-10,41.22,9.2,17.6,26.1,1.58,23.37
1968-11,62.66,5.8,11.1,16.5,0.01,7.4
1968-12,100.27,1,6.5,11.9,0.09,5.79
1969-01,268.47,3.3,7.3,11.3,0.35,4.59
1969-02,180.15,2.9,7.7,12.6,0.32,5.49
1969-03,59.47,3.9,10.6,17.2,0.45,10.43
1969-04,62.04,6.3,14.2,22.1,0.51,16.34
1969-05,0,10,19.9,29.9,1.24,30.82
1969-06,10.6,13.1,22.2,31.3,2.06,32.88
1969-07,1.07,16.5,27.3,38.1,5.86,54.06
1969-08,0,15.9,27.3,38.6,6.01,56.46
1969-09,5.96,14.3,24.8,35.3,3.93,44.9
1969-10,24.71,7.1,16,24.8,1.73,22.63
1969-11,31.52,4.6,12.6,20.6,0.6,15.14
1969-12,53.62,2.3,8.9,15.5,0.27,8.45
1970-01,143.19,3.8,9.5,15.1,0.18,7.51
1970-02,35.09,4.5,11,17.6,0.03,9.79
1970-03,66.9,4.5,11.6,18.7,0.03,11.9
1970-04,9.9,3.3,12.3,21.4,0.52,18.13
1970-05,0,9.4,19.9,30.5,1.63,34.09
1970-06,18.51,14.3,24.3,34.3,4.41,42.98
1970-07,0,17.8,28.6,39.5,7.67,58.76
1970-08,0,16.4,27.3,38.1,6.76,54.21
1970-09,0,12.2,23.1,34,5.01,44.31
1970-10,3.76,8.3,17.7,27,2.49,27.04
1970-11,99.76,5.9,12.9,19.9,0.61,13.46
1970-12,102.9,2.7,7.4,12.2,0,4.53
1971-01,29.15,1.9,7.3,12.6,0.23,6.22
1971-02,13.05,2,8.1,14.3,0.04,7.53
1971-03,33.33,3.5,10.7,17.9,0.31,11.56
1971-04,20.98,4.8,13.1,21.5,0.53,16.56
1971-05,47.32,8.4,16.7,25,0.86,21.24
1971-06,0,12.5,22.7,32.9,3.23,39.5
1971-07,0,16.9,27.7,38.5,6.21,55.47
1971-08,0,17.7,28,38.4,6.35,53.93
1971-09,3.75,13.2,23.4,33.7,3.91,41.55
1971-10,3.54,6.6,16.2,25.7,2.32,25.69
1971-11,38.14,3.2,10.6,18,0.61,12.39
1971-12,106.74,0.8,5.9,11,0.01,4.58
1972-01,17.03,-0.1,4.8,9.8,0.08,4.15
1972-02,22.79,3.7,10.1,16.5,0,8.91
1972-03,0,6.3,14.3,22.3,0,16.35
1972-04,16.7,6.1,14.9,23.6,0.92,20.64
1972-05,4.91,10.2,20.2,30.1,2.72,33.04
1972-06,7.09,15.2,24.9,34.6,5.2,43.32
1972-07,0,17.5,28,38.6,6.56,54.49
1972-08,0,16.8,26.6,36.5,5.98,48.65
1972-09,11.5,13.1,22.4,31.6,3.1,35.32
1972-10,12.07,9.7,17.3,24.8,1.06,19.61
1972-11,115.61,4.9,9.8,14.6,0,6.11
1972-12,54.35,0.6,5.2,9.8,0,3.48
1973-01,100.96,1.8,7.1,12.4,0.16,5.31
1973-02,137.74,5.4,10.4,15.4,0.06,5.63
1973-03,101.68,3.8,9.1,14.5,0,6.61
1973-04,8.82,6.6,14.7,22.9,0.11,18.08
1973-05,1.05,11.2,21.2,31.2,2.19,34.99
1973-06,0.47,14.9,25.3,35.7,5.38,48.65
1973-07,0,16.2,26.9,37.5,5.94,51.89
1973-08,0,16.1,26.3,36.5,6.53,49.28
1973-09,0,12.1,22.1,32.2,3.1,35.43
1973-10,49.46,8.6,17.3,26,1.42,22.74
1973-11,75.61,4.6,10.8,16.9,0.25,9.58
1973-12,84.52,3,8,13.1,0.05,4.83
1974-01,100.04,3.3,8.3,13.3,0.3,5.6
1974-02,16.97,1.8,8.7,15.7,0.18,8.81
1974-03,95.74,5.5,11.6,17.8,0,8.12
1974-04,50.96,5.1,13.4,21.6,0,15.6
1974-05,0,9.8,19.6,29.5,2.25,31.21
1974-06,0,13.8,24.3,34.7,4.96,43.92
1974-07,4.79,16.4,26.7,37,6.26,49.72
1974-08,0,15.8,26.4,37,5.95,50.14
1974-09,0,15.1,25.5,35.9,6.54,46.38
1974-10,44.67,10.6,19.2,27.8,2.99,26.72
1974-11,30.71,4.7,11.5,18.3,0.36,9.79
1974-12,58.32,1.6,7.1,12.6,0.08,5.89
1975-01,29.95,0.5,6.7,12.9,0.25,6.75
1975-02,99.14,3.3,8.9,14.5,0.15,7.4
1975-03,107.25,3.6,9.8,16,0,8.6
1975-04,39.87,3.2,10.9,18.5,0,12.66
1975-05,1.36,8.5,18.8,29.2,1.08,31.2
1975-06,0,12.8,23.4,34,3.79,42.63
1975-07,0,15.4,26,36.5,5.32,47.05
1975-08,7.64,14.5,25.1,35.7,5.19,45.84
1975-09,5.54,14.9,24.9,34.9,5.5,41.87
1975-10,52.71,7.7,16.6,25.5,1.65,23.15
1975-11,19.9,2.9,10.3,17.6,0.45,11.05
1975-12,9.83,0.9,7.7,14.4,0.44,7.49
1976-01,4.88,0.1,7.6,15.1,0.83,9.65
1976-02,104.99,3.3,9.8,16.3,0.06,8.95
1976-03,31.23,3.2,10.5,17.8,0.02,12.27
1976-04,35.7,4.6,12.5,20.3,0,15.4
1976-05,0.27,9.9,20.3,30.8,2.76,34.87
1976-06,3.31,12.8,23.1,33.5,5.06,43
1976-07,0.64,16.1,26.7,37.3,6.03,52.26
1976-08,13.2,14,23.2,32.3,3.84,36.58
1976-09,34.8,14.3,23,31.7,3.93,34.26
1976-10,21.79,9.7,18.6,27.6,1.27,25.43
1976-11,23.76,6.2,12.9,19.7,0.56,12.55
1976-12,15.43,0.5,8.6,16.7,1,11.41
1977-01,33.45,1.3,6.1,10.9,0,4.69
1977-02,14.01,3.6,10.9,18.2,0.39,11.4
1977-03,26.24,1.7,9.4,17.1,0.76,12.29
1977-04,0,7.1,16.9,26.6,2.51,27.12
1977-05,39.38,7.3,15.4,23.5,1.59,19.92
1977-06,16.67,15.8,25.5,35.3,6.58,44.95
1977-07,0,16.3,27,37.7,8.53,52.97
1977-08,0,16.9,26.9,36.9,7.34,49.67
1977-09,0,13.9,23,32.3,5.31,36.18
1977-10,2.32,10.4,19.5,28.5,4.11,28.52
1977-11,30.13,5.4,12.5,19.6,1.41,13.14
1977-12,144.07,5.3,10.5,15.7,0.16,6.55
1978-01,163.95,5.4,9.9,14.4,0.13,5.12
1978-02,144.09,5.2,10,14.8,0.05,5.41
1978-03,151.04,8.2,13.8,19.5,0.65,8.43
1978-04,129.93,6.4,13.2,19.9,0.85,11.12
1978-05,0,9.3,18.9,28.5,1.9,28.32
1978-06,0,12.6,23.2,33.8,4.13,41.15
1978-07,0,16.1,26.8,37.5,6.75,52.21
1978-08,0,16.3,26.6,36.9,7.49,51.71
1978-09,34.68,12.5,21.6,30.8,3.75,33.45
1978-10,0,10.6,20.5,30.5,3.49,33.07
1978-11,63.07,3.6,10.4,17.2,1.07,11.26
1978-12,37.58,-0.3,5.4,11.1,0.39,6.3
1979-01,129.81,1.8,7,12.2,0.35,5.79
1979-02,98.8,2.5,8.5,14.5,0.03,6.72
1979-03,91.98,5.5,11.6,17.8,0.03,8.5
1979-04,9.17,5.7,14.1,22.5,0.32,16.79
1979-05,7.03,10.9,20.4,30,1.35,31.09
1979-06,0,13.3,24.5,35.7,4.96,48.53
1979-07,5.01,16.9,27,37,6.56,50.86
1979-08,0,15.5,25.6,35.7,5.41,45.74
1979-09,0,15,25.3,35.7,6.32,46.67
1979-10,27.14,10.6,19.2,27.7,2.37,26.26
1979-11,45.47,4.7,11.7,18.8,0.38,11.89
1979-12,36.42,2.6,9.7,16.7,0.52,10.19
1980-01,169.76,4.8,9.7,14.5,0.13,5.36
1980-02,126.24,5.1,11.1,17,0.01,7.82
1980-03,62.49,3.9,10.5,17,0.74,9.94
1980-04,25.36,6.3,14.6,22.9,1.25,17.97
1980-05,13.97,8.7,17.5,26.4,1.85,25.61
1980-06,0,11.3,21.3,31.3,4.43,36.17
1980-07,0.3,17.3,27.5,37.6,8.24,52.08
1980-08,0,16.8,26.7,36.5,8.4,49.66
1980-09,0,12.9,23,33.1,5.48,40.52
1980-10,5.68,9.7,19.6,29.5,3.49,32.81
1980-11,9.35,4.6,12.9,21.2,1.65,16.59
1980-12,22.47,3.2,9.7,16.2,0.42,8.8
1981-01,103.86,3.9,9.9,15.9,0.41,9.32
1981-02,34.12,4.7,10.8,16.9,0.01,7.95
1981-03,105.3,5.4,11.3,17.1,0.47,7.87
1981-04,29.57,7.3,15.4,23.6,1.15,17.72
1981-05,5.87,10,19.6,29.1,2.05,29.19
1981-06,0,16.2,26.5,36.9,7.5,51.58
1981-07,0,17.8,28.3,38.8,10.22,58.71
1981-08,0,17.8,27.7,37.7,7.04,53.52
1981-09,0,15,24.7,34.4,5.01,42.67
1981-10,39.39,7.8,16.4,24.9,1.74,21.24
1981-11,76.93,7.1,13.1,19.2,0.42,10.51
1981-12,54.83,4.4,9.3,14.2,0.29,5.84
1982-01,138.04,0.8,6,11.1,0.29,5.28
1982-02,65.61,4.4,10.3,16.2,0.39,7.66
1982-03,163.15,4.7,10.1,15.5,0,6.87
1982-04,91.31,6.3,13.5,20.7,0.01,14.29
1982-05,0.66,9.8,19.6,29.4,0.5,29.9
1982-06,11.95,12.6,21.9,31.3,2.6,34.31
1982-07,2.93,15.8,25.9,36.1,5.68,49.18
1982-08,3.19,16,26.2,36.4,4.88,48.88
1982-09,43.64,13.6,22.2,30.7,3.58,33.14
1982-10,58.39,9.2,17.5,25.8,1.87,25.21
1982-11,130.26,4.5,9.9,15.3,0.08,7.02
1982-12,97.32,2,7.3,12.6,0.15,5.11
1983-01,165.41,2.5,7.2,11.9,0.09,5.43
1983-02,135.54,5.1,10.4,15.6,0.33,5.86
1983-03,187.95,5.9,11.2,16.5,0.14,6.3
1983-04,65.17,5.6,12.7,19.7,0.61,14.2
1983-05,19.51,9.3,18.6,28,1.68,29.2
1983-06,0,12.8,22.8,32.9,2.96,41.45
1983-07,0,15.1,25.1,35,3.86,45.83
1983-08,2.49,18.1,27.1,36,4.92,43.24
1983-09,13.37,15.6,25,34.4,3.96,41.23
1983-10,19.35,10.8,19,27.3,2.19,22.64
1983-11,129.2,6.1,11.6,17.2,0.45,7.91
1983-12,117.55,5,9.4,13.9,0.39,4.27
1984-01,6.19,3.3,8.5,13.8,0.56,6.03
1984-02,45.75,2.8,9.5,16.3,0.55,7.75
1984-03,31.44,5.6,13,20.3,0.34,13.4
1984-04,12.86,5.4,13.8,22.3,0.6,18.22
1984-05,0.03,10.8,21.3,31.7,2.04,35.52
1984-06,10.27,13.3,23.4,33.6,4.15,40.21
1984-07,1.56,18.8,29,39.1,5.51,51.9
1984-08,0.69,17.5,27.5,37.5,4.54,48.56
1984-09,0,16.2,26,35.8,4.73,43.05
1984-10,33.76,7.8,15.8,23.8,1.13,18.25
1984-11,91.32,4.9,10.9,16.9,0.86,9.31
1984-12,52.84,2.1,7,11.9,0.36,5.22
1985-01,21.13,1,5.9,10.8,0.31,3.9
1985-02,43.21,2.8,9.5,16.2,0.56,8.92
1985-03,74.3,3,9.7,16.4,0,9.01
1985-04,13.9,8.3,17.2,26.1,0.55,23.15
1985-05,0,8.7,18.6,28.4,0.85,27.97
1985-06,5.77,15.7,25.8,35.8,3.61,45.02
1985-07,0.01,19,28.8,38.6,5.48,50.55
1985-08,0.92,14.8,25.2,35.7,4.11,43.42
1985-09,12.9,12.4,20.9,29.5,2.1,27.33
1985-10,24.61,8.1,17,26,1.68,22.84
1985-11,110.39,4.1,10.1,16.1,0.38,8.88
1985-12,41.25,2.2,7.1,12,0.41,5.4
1986-01,42.63,6,11.3,16.7,0.4,6.81
1986-02,199.45,6.2,11.3,16.4,0.04,4.06
1986-03,115.93,7.6,13.9,20.1,0.01,7.58
1986-04,15.92,6.9,15,23.1,0.01,17.29
1986-05,4.65,9.2,19.2,29.2,0.41,29.25
1986-06,0,14,24.5,35,2.79,42.31
1986-07,0,15.8,25.9,36.1,3.25,43.16
1986-08,0,16.6,27.5,38.4,4.35,51.94
1986-09,15.43,11.5,20.3,29.2,2.27,29.63
1986-10,0,9.2,18.3,27.3,1.95,25.64
1986-11,2.15,5.5,13.3,21.2,1.29,16.45
1986-12,20.55,2.8,8.3,13.7,0.38,6.33
1987-01,56.48,1.4,6.9,12.4,0.48,6.13
1987-02,79.63,3.8,10,16.1,0.35,8.12
1987-03,81.14,5.1,11.4,17.6,0.36,9.65
1987-04,8.81,8.7,18,27.2,1.17,27.1
1987-05,6.82,11.2,20.6,30,0.9,30.95
1987-06,0.57,15,25,35.1,3.55,42.1
1987-07,0,14.3,24.2,34.2,3.04,39.57
1987-08,0,15.9,26.2,36.6,4.67,47.58
1987-09,0,14.2,23.9,33.7,4.18,40.37
1987-10,44.83,12.8,21.2,29.6,2.59,28.69
1987-11,27.37,5.5,11.4,17.2,0.59,7.86
1987-12,59.73,2.3,7.4,12.4,0.67,5.71
1988-01,62.1,2.9,8.2,13.6,0.58,6.03
1988-02,10.05,3.6,11.3,19,0.94,13.12
1988-03,36.45,4.9,12.9,20.9,0.51,15.71
1988-04,78.2,7.7,15.7,23.6,0.16,19.1
1988-05,13.04,9.2,18.4,27.6,0.58,26.75
1988-06,1.74,14,23.4,32.8,3.33,35.26
1988-07,0,19,29.2,39.5,5.47,53.74
1988-08,0,17.3,27,36.7,4.83,44.97
1988-09,0,14.9,24.5,34.2,5.41,40.98
1988-10,0,11.8,20.8,29.8,2.78,29.5
1988-11,58.51,6.1,12,17.9,0.58,9.49
1988-12,79.98,1.4,7.1,12.8,0.33,6.19
1989-01,18.85,0.3,6.3,12.3,0.41,6.29
1989-02,39.23,3.1,8.7,14.2,0.52,7.76
1989-03,88.46,6.6,12.7,18.9,0.28,10.58
1989-04,7.78,9.4,18,26.6,0.76,23.08
1989-05,15.12,10.2,19.3,28.4,0.89,26.94
1989-06,0.99,14.2,24.1,33.9,3.82,38.42
1989-07,0,16.5,27.3,38.1,5.12,50.04
1989-08,1.18,15.5,25.5,35.5,4.48,44.35
1989-09,34.35,13.6,22.9,32.3,3.24,36.42
1989-10,31.32,9.6,18.1,26.5,1.53,24.3
1989-11,23.05,5,13,20.9,1.12,14.27
1989-12,0,1.1,7.8,14.5,0.59,8.82
1990-01,70,2.1,8.1,14,0.55,7.48
1990-02,58.5,2.2,8.1,13.9,0.59,7.42
1990-03,23.48,5.8,12.7,19.5,0.11,12.2
1990-04,30.11,8.9,17.2,25.6,0.02,20.95
1990-05,57.47,9.3,18.5,27.7,0.77,25.71
1990-06,0.2,14.2,23.8,33.5,3.59,39.85
1990-07,0,18.2,28.3,38.3,6.36,47.66
1990-08,0,17.1,26.6,36.1,5.92,46.15
1990-09,1.47,14.3,23.7,33.1,4.08,39.69
1990-10,0,10.3,20.1,29.8,3.33,29.68
1990-11,17.25,4.3,12,19.6,1.92,14.25
1990-12,32.22,-1,5.5,12,0.85,8.06
1991-01,14.49,2.1,8.2,14.3,0.78,8.08
1991-02,27.98,6,13.1,20.3,1.08,13.4
1991-03,248.01,3.7,9,14.3,0.03,6.42
1991-04,3.76,5.3,13.2,21.1,0,14.86
1991-05,2.18,7.8,17,26.2,0.94,23.08
1991-06,2.33,12.7,22.5,32.3,3.84,34.85
1991-07,0,17.8,27.9,38.1,5.26,44.19
1991-08,0.38,17.3,26.2,35.1,5.39,39
1991-09,1.97,16.3,26,35.8,5.81,44.14
1991-10,56.64,12.4,21.4,30.4,4.3,32.14
1991-11,14.61,5.9,13,20,1.38,12.95
1991-12,41.85,2.2,8.3,14.3,1.06,9.04
1992-01,43.82,1.3,6.1,11,0.22,5.01
1992-02,146.27,6.2,11.8,17.5,0.76,9.61
1992-03,62.91,7.2,13.1,19.1,0.61,10.15
1992-04,1.69,8.6,17.3,26,0.88,21.62
1992-05,2.07,13.3,22.8,32.3,3.26,31.97
1992-06,1.45,14.7,24.1,33.4,4.34,35.3
1992-07,28.05,16.5,26.1,35.7,4.91,43.96
1992-08,0,17.4,28,38.5,7.93,52.62
1992-09,0,14.1,24.2,34.4,4.96,41.03
1992-10,51.33,11.2,19.9,28.7,2.44,25.76
1992-11,1.93,5.5,12.1,18.7,1.22,12.04
1992-12,111.03,1.5,6.8,12.1,0.59,6.32
1993-01,222.41,2.9,7.8,12.6,0.64,5.45
1993-02,113.3,4.7,10,15.3,0.02,7.47
1993-03,67.74,7.6,13.6,19.7,0,9.77
1993-04,7.42,6.6,14.5,22.5,0.51,14.93
1993-05,7.9,9.8,19.4,29,0.86,25.69
1993-06,30.26,13,22.7,32.4,3.81,35.72
1993-07,0,15.2,25.6,35.9,4.32,40.1
1993-08,0,15.3,25.6,36,4.71,43.53
1993-09,0,12.7,23.3,34,3.82,39.3
1993-10,8.88,10.6,19.3,28,2.47,24.96
1993-11,34.76,4.2,11.9,19.7,1.6,15
1993-12,44.94,1.8,7.4,13.1,0.32,6.39
1994-01,41.95,2,8.5,15,0.6,7.76
1994-02,80.63,2.7,8.7,14.6,0.18,7.25
1994-03,10.85,5.8,13.1,20.4,0.05,11.67
1994-04,53.88,7.2,15.6,24,0.53,17.61
1994-05,37.73,10,18.6,27.1,0.62,22.24
1994-06,0,13.3,24.2,35,4.32,41.71
1994-07,0,17.5,28.1,38.6,5.55,48.42
1994-08,0,16.2,27.2,38.1,5.59,49.94
1994-09,4.4,13.7,23.4,33.2,3.32,36.1
1994-10,42.03,9.3,17.8,26.3,1.63,22.53
1994-11,65.72,2.9,8.6,14.2,0.75,8.27
1994-12,55.54,2.6,7.1,11.6,0.06,4.18
1995-01,207.7,5.2,9.7,14.2,0.06,4.36
1995-02,27.31,6.2,11.2,16.2,0.07,4.93
1995-03,205.07,7,12.2,17.3,0.11,7.7
1995-04,46.45,7.6,14.6,21.5,0.29,14.64
1995-05,49.16,9.7,17.4,25.2,0.05,18.08
1995-06,17.86,13,22.4,31.8,2.53,33.9
1995-07,1.09,15.6,26.1,36.7,2.47,44.24
1995-08,0,16.1,26.8,37.6,4.47,47.29
1995-09,0,14.7,24.7,34.7,3.73,37.75
1995-10,0,9.7,19.6,29.5,1.78,28.86
1995-11,0,7,15.2,23.4,0.65,15.23
1995-12,93.25,5.8,10.9,16,0.37,7.3
1996-01,84.7,4.6,9.5,14.5,0.19,6.69
1996-02,128.27,7.1,12.1,17,0.04,5.69
1996-03,67.24,6.9,13.3,19.7,0.29,11.11
1996-04,45.44,8.2,16.1,24,0.26,18.16
1996-05,19.43,11,20,28.9,0.69,27.74
1996-06,4.2,14.7,24.6,34.6,3.06,40.21
1996-07,0,19.3,29.4,39.5,6.75,49.55
1996-08,0,18.2,28.5,38.9,7.56,49.61
1996-09,0,13.3,23.3,33.3,4.17,36.93
1996-10,53.28,10,18.3,26.5,2.67,24.61
1996-11,124.29,6.4,12.1,17.8,0.28,7.88
1996-12,219.83,5.1,9.5,13.8,0.23,4.9
1997-01,224.69,4.9,9.1,13.2,0.06,4.02
1997-02,6.18,4.7,10.3,15.9,0.47,7.94
1997-03,2.69,6.6,14.6,22.6,0.67,16.26
1997-04,1.88,7.6,16.4,25.1,0.59,21.6
1997-05,0,13.4,22.9,32.5,3.1,34.71
1997-06,2.26,14.2,23.7,33.2,3.49,38.02
1997-07,0.43,17,26.7,36.4,5.28,43.96
1997-08,0,17.6,27.1,36.7,6.26,50.04
1997-09,1.75,16.3,25.1,33.9,4.4,34.28
1997-10,4.23,10,18.4,26.8,3.2,26.79
1997-11,66.4,7.7,13.9,20,1.58,14.44
1997-12,58.31,2.7,7.5,12.3,0.3,5.54
1998-01,201.76,4.2,9.4,14.6,0.24,6.17
1998-02,204.4,4.8,9.2,13.6,0.34,5.56
1998-03,119.25,6.5,12.2,18,0.5,9.36
1998-04,63.77,6.5,13.3,20.1,0.74,13.27
1998-05,49.27,8,15.3,22.6,0.43,14.74
1998-06,49.08,13,21.2,29.3,1.29,25.87
1998-07,0,17.6,27.7,37.8,5.88,49.51
1998-08,0,19.9,29.5,39.1,9.84,56.3
1998-09,4.13,16.6,24.7,32.9,5.49,36.54
1998-10,3.68,10.5,18.3,26,2.69,24.13
1998-11,20.3,5,11.6,18.3,0.42,11.05
1998-12,37.28,1.5,7.5,13.4,0.37,7.51
1999-01,97.9,1.8,7.6,13.5,0.06,6.07
1999-02,81.08,3.3,9.3,15.3,0.22,7.39
1999-03,23.49,4.6,11.2,17.7,0.48,10.74
1999-04,56.62,5.7,13.3,20.8,0.85,15.93
1999-05,3.19,9.5,19,28.4,1.49,27.32
1999-06,10.91,14.2,23.7,33.3,3.9,40.9
1999-07,0,17.2,27.1,37.1,6.49,52.08
1999-08,0,16.3,25.9,35.6,4.96,44.87
1999-09,0,16.3,25.6,34.9,5.47,42.66
1999-10,0.02,13.5,22,30.6,5.91,34.33
1999-11,33,7.8,14.8,21.8,1.37,15.96
1999-12,1.38,3,9.9,16.8,1.52,12.16
2000-01,139.57,5.2,10.2,15.2,0.44,6.96
2000-02,228.35,5.6,11.2,16.8,0.24,8.42
2000-03,46.52,5.8,12.4,18.9,0.37,10.41
2000-04,50.68,8.5,16.8,25.2,1.01,20.46
2000-05,8.91,10.7,20.3,29.8,1.28,27.62
2000-06,22.42,16.4,26.1,35.9,3.2,39.35
2000-07,0,15.1,25.6,36.2,4.36,45.69
2000-08,0,18.1,27.9,37.7,6.43,50.91
2000-09,11.17,14.5,23.6,32.7,2.9,34.11
2000-10,67.59,10.4,17.9,25.4,0.99,20.93
2000-11,4.69,3.6,10.4,17.1,0.14,8.91
2000-12,6.04,3.2,9.7,16.2,0.23,7.74
2001-01,97.95,1.5,7.8,14.2,0.28,7.69
2001-02,83.66,3.5,8.6,13.6,0.22,5.87
2001-03,43.04,6.7,13.3,19.9,0.31,10.77
2001-04,53.46,6.2,13.7,21.3,0.74,15.73
2001-05,0.79,14.2,24.3,34.5,4.51,41.99
2001-06,0,16.6,26.5,36.4,8.23,50.69
2001-07,2.15,17.5,27.2,36.9,6.33,47.23
2001-08,0,18.7,28.4,38.2,8.32,54.76
2001-09,0.36,16,25.4,34.7,6.07,44.02
2001-10,13.58,13.2,21.5,29.8,4.57,32.54
2001-11,67.82,7.3,13.4,19.6,0.28,11.06
2001-12,116.65,3.2,8.1,13,0.08,5.31
2002-01,40.66,2.4,7.4,12.5,0.12,5.34
2002-02,32.36,4.3,11,17.6,0.29,9.58
2002-03,47.93,4.8,11.6,18.4,0.62,12.24
2002-04,13.79,8,16.1,24.2,1.04,18.79
2002-05,24.51,10.2,19.7,29.2,2.54,30.18
2002-06,1.52,15.3,25.4,35.6,4.52,47.01
2002-07,0,18.9,29.1,39.2,8.04,58.25
2002-08,0,18.1,27.6,37.2,7.88,53.06
2002-09,0.27,16.7,25.7,34.7,7.63,47.01
2002-10,1.79,10.9,19,27,3.6,25.98
2002-11,71.39,6.8,13.5,20.2,0.89,12.86
2002-12,100.13,3.7,9.3,14.9,0.23,7.3
2003-01,17.94,4.9,10.5,16.1,0.01,5.43
2003-02,44.03,4.1,10,15.9,0.22,6.82
2003-03,37.04,5.7,12.7,19.6,0.34,11.22
2003-04,61.28,6.1,13.1,20,0.45,13.44
2003-05,35.96,10.3,19.2,28.2,1.6,26.84
2003-06,0.04,15.6,25.5,35.4,3.8,44.35
2003-07,0.22,20.9,30.4,39.9,9.81,61.41
2003-08,7.77,17.5,27.1,36.8,5.16,48.83
2003-09,0,17.4,26.7,36.1,6.74,48.13
2003-10,1.02,14,22.5,31.1,5.44,34.67
2003-11,20.04,5.2,11.2,17.1,0.78,10.8
2003-12,97.23,4.2,9.5,14.8,0.28,7.41
2004-01,37.81,2.9,7.8,12.6,0.04,5.26
2004-02,85.86,4.1,9.3,14.4,0.36,7.2
2004-03,23.34,8.5,15.9,23.2,0.62,16.16
2004-04,3.21,9.4,17.8,26.2,1.64,25.08
2004-05,3.54,11.7,20.9,30.1,3.22,32.57
2004-06,0,14.9,24.9,35,4.74,44.93
2004-07,0,18.2,28.2,38.2,7.82,55.14
2004-08,0,17.9,27.4,37,7.58,51.14
2004-09,1.06,15.8,24.9,34,8.23,45.21
2004-10,92.96,10.2,17.4,24.6,2.27,20.26
2004-11,30.21,5,10.5,16,0.14,7.73
2004-12,80.13,2.7,8,13.3,0.07,5.47
2005-01,143.17,4.1,8,11.9,0.06,3.15
2005-02,83.23,6.2,11.6,17,0.26,7.1
2005-03,95.42,7,12.8,18.6,0.37,8.7
2005-04,20.83,6.2,13.9,21.7,0.66,15.17
2005-05,72.04,10.7,19.3,27.8,0.86,24.06
2005-06,0,12.6,22.2,31.9,2.34,33.06
2005-07,0,20.5,30.3,40,7.09,58.04
2005-08,0.9,19.5,29,38.6,7.88,53.58
2005-09,4.24,13.8,22.9,32,4.29,36.55
2005-10,4.9,10.7,18.7,26.7,2.35,23.82
2005-11,5.45,7.8,14.7,21.5,1.57,16.38
2005-12,103.87,5,10.1,15.1,0.21,5.99
2006-01,134.66,4.2,9.6,15,0.72,7.55
2006-02,31.27,4.1,11,17.9,0.64,11.17
2006-03,144.06,3.8,9.2,14.6,0.43,7.64
2006-04,142.36,7.9,14,20.1,0.25,10.61
2006-05,19.39,12.1,21,29.9,1.45,28.18
2006-06,1.92,16.8,26.5,36.2,3.71,43
2006-07,0,20.2,30.4,40.6,8.22,60.74
2006-08,0,16.9,26.8,36.8,6.78,49.86
2006-09,0,14.9,24.6,34.3,5.71,45.9
2006-10,10.36,10.3,18.1,25.9,2.3,22.17
2006-11,16.05,7,12.9,18.9,0.55,10.53
2006-12,63.72,2.5,8.7,14.9,0.47,8.86
2007-01,17.63,0.9,7.5,14.1,0.96,9.91
2007-02,87.19,4.6,10.2,15.9,0.3,8.13
2007-03,27.41,6.6,14.3,21.9,0.73,15.95
2007-04,17.17,7.6,15.9,24.2,0.88,19.84
2007-05,4.17,11.7,21.4,31.1,3.08,34.97
2007-06,0,15.5,25.4,35.4,5.23,47.2
2007-07,0,18.3,28.2,38,6.39,52.99
2007-08,1.28,18.3,28.1,37.9,8.88,56.02
2007-09,1.63,14.5,23.1,31.8,4.02,38.5
2007-10,11.41,10.6,18.2,25.9,3.13,24.87
2007-11,3.06,7.9,14.8,21.6,1.64,14.49
2007-12,73.33,1.7,7.2,12.8,0.52,6.9
2008-01,142.4,3.1,7.9,12.8,0.46,6.42
2008-02,92.48,3.8,9.5,15.2,0.37,7.81
2008-03,5.11,6.1,12.9,19.6,1.1,13.48
2008-04,0.32,7.1,15.6,24.1,1.76,22.3
2008-05,14.54,10.8,19.8,28.8,2.95,30.04
2008-06,0,16.1,25.8,35.5,7.08,49.26
2008-07,0,18.7,28.5,38.2,7.77,54.49
2008-08,0,19.9,29.2,38.5,9.84,55.18
2008-09,0,17.1,26.1,35.1,7.87,47.02
2008-10,7.09,10.8,19.6,28.5,3.85,29.36
2008-11,50.97,8.9,14.7,20.5,1.2,12.89
2008-12,53.32,2.7,7.5,12.3,0.13,5.79
2009-01,51.4,4.5,9.7,14.8,1.06,8.31
2009-02,102.29,5.3,10.5,15.7,0.95,8.76
2009-03,36.02,5.8,12.2,18.6,1.06,12.44
2009-04,17.27,7.4,15.7,23.9,2.28,22.75
2009-05,11.01,14.5,23.5,32.4,4.47,37.44
2009-06,17,14.6,23.6,32.5,4.7,38.4
2009-07,0,20.4,29.9,39.3,9.01,59.01
2009-08,0.53,18.8,27.9,36.9,8.43,53.34
2009-09,0.43,18.8,27.4,36,9.41,52.02
2009-10,49.65,10.6,17.7,24.7,3.1,22.87
2009-11,4.45,6.9,13.4,19.9,1.64,13.66
2009-12,99.45,2.7,8.1,13.5,0.44,7.35
2010-01,113.36,4.4,9.1,13.8,0.33,6.66
2010-02,110.62,5.8,10.3,14.9,0.33,6.08
2010-03,45.54,5.8,12.1,18.5,1.06,12.14
2010-04,82.73,6.9,13.5,20.1,0.84,13.48
2010-05,9.39,8.3,16.8,25.4,1.58,23.17
2010-06,0,15.5,25,34.5,4.48,43.05
2010-07,0,18.5,28.4,38.2,8.03,51.04
2010-08,0,17.5,27.2,37,7.15,47.67
2010-09,0,15.6,24.8,34,6.21,44.21
2010-10,56.26,13.2,19.9,26.7,3.55,24.43
2010-11,75.18,6.3,12.1,17.8,1.13,11.35
2010-12,227.54,5.6,9.8,14,0.29,5.18
2011-01,63.05,3.9,8.3,12.7,0.5,6.21
2011-02,82.03,3,8.8,14.6,0.84,9.04
2011-03,172.63,5.7,11.2,16.7,0.5,9.33
2011-04,9.13,7.3,14.7,22.2,0.96,16.48
2011-05,20.33,8.5,17.1,25.8,1.78,24.5
2011-06,48.32,13.4,22.3,31.2,2.82,35.02
2011-07,0,17.2,26.8,36.4,5.46,46.03
2011-08,0.05,19.2,28.4,37.6,7.37,51.07
2011-09,0,18.3,26.8,35.2,7.48,44.84
2011-10,34.83,12.4,19.8,27.2,2.38,22.56
2011-11,27.15,6.2,12,17.8,1.07,11.31
2011-12,0,2.3,8.7,15.1,1.63,11.17
2012-01,69.58,4,10.4,16.8,1.33,11.71
2012-02,20.4,4.2,10.3,16.5,0.9,10.7
2012-03,91.63,5.8,11.8,17.7,1.31,12.06
2012-04,76.03,7.7,15,22.3,1.02,16.01
2012-05,0,11.4,20.7,30,3.24,33.8
2012-06,1.54,14.9,24.4,33.8,5.51,42.95
2012-07,0,18.4,27.6,36.9,7.71,51.1
2012-08,0.36,20,29.6,39.3,10.24,60.51
2012-09,0,18.5,27.1,35.7,9.48,48.47
2012-10,9.67,12.5,19.9,27.3,3.85,26.92
2012-11,35.26,8.1,13.8,19.5,1.4,12.6
2012-12,142.62,4.4,8.6,12.9,0.2,4.46
2013-01,20.83,1.5,7.4,13.4,0.44,7.19
2013-02,24,2.7,8.9,15.1,0.61,8.9
2013-03,12.43,6.7,13.8,21,0.98,15.14
2013-04,6.69,8.2,16.9,25.7,1.69,23.48
2013-05,7.07,11.1,20.2,29.3,3.22,30.02
2013-06,0,16.2,25.6,35,5.7,44.57
2013-07,0,19.6,29.3,39.1,10.11,58.21
2013-08,1.19,18.5,27.6,36.8,7.94,50.68
2013-09,4.41,14.7,23.7,32.7,5.64,38.8
2013-10,4.89,9.5,18,26.6,4.35,27.46
2013-11,14.68,6.4,13.5,20.7,2.2,16.11
2013-12,7.36,1.3,8.4,15.5,1.28,11.3
2014-01,28.76,5,12.1,19.3,3.1,16.4
2014-02,50.73,5.9,11.7,17.5,0.73,10.25
2014-03,25.19,7.4,14.4,21.4,1.55,16.65
2014-04,41.35,8.4,16.9,25.3,2.18,24.62
2014-05,1.86,11.5,21,30.5,5.11,36.81
2014-06,0.01,15.9,25.5,35.2,8.44,49.82
2014-07,0.17,19.8,29,38.2,10.63,55.7
2014-08,0,18.3,27.6,36.9,9.46,52.46
2014-09,12.03,16.5,25.5,34.5,7.61,45.09
2014-10,0,12.3,20.9,29.5,4.89,32.64
2014-11,33.92,7.3,13.4,19.6,1.04,11.96
2014-12,83.63,5.8,10.6,15.4,0.33,7.17
2015-01,4.03,3.7,9.4,15,0.28,6.71
2015-02,29.15,6.9,13,19.1,0.64,10.56
2015-03,4.59,8,15.7,23.3,1.49,19.63
2015-04,41.84,8.3,16.5,24.8,2.2,24.48
2015-05,5.31,10.2,18.5,26.9,2.62,27.75
2015-06,0,17.3,26.8,36.3,8.94,51.46
2015-07,5.31,18.5,27.4,36.4,7.84,48.71
2015-08,0,17.8,27.4,37,8.93,51.17
2015-09,2.18,16.5,25.3,34.2,9.16,43.91
2015-10,8.17,13,20.8,28.5,3.89,27.36
2015-11,69.13,4.3,10.5,16.7,0.81,10.7
2015-12,97.17,1.9,7.1,12.2,0.34,6.19
2016-01,143.03,4.3,9.2,14.1,0.32,6.44
2016-02,20.77,5.5,11.9,18.3,0.81,10.6
2016-03,114.46,6.9,12.8,18.7,0.52,10.43
2016-04,72.56,8.7,16.4,24.2,1.05,20.19
2016-05,1.04,11,19.6,28.1,2.01,28.94
2016-06,3.25,15.9,25.8,35.7,5.77,49.79
2016-07,0,17.3,27.7,38.2,8.69,57.59
2016-08,0,17.5,27.5,37.5,8.19,54.38
2016-09,0,13.6,23.5,33.4,6.51,44.23
2016-10,39.59,10.3,18.4,26.5,3.24,24.86
2016-11,39.78,6.7,13.6,20.5,0.69,14.36
2016-12,96.82,2.4,7.8,13.1,0.08,5.54
2017-01,272.49,3.8,8,12.1,0.18,5.14
2017-02,130.43,6.6,11,15.4,0.43,7.2
2017-03,33.84,6.8,13,19.2,0.81,11.75
2017-04,44.11,7.7,14.9,22.1,0.94,16.83
2017-05,0.78,11.3,20.1,28.9,2.62,30.95
2017-06,2.1,15.4,25.2,35,4.66,47.59
2017-07,0,18.4,28.8,39.2,8.69,59.46
2017-08,0.08,19.6,28.8,38,8.45,53.83
2017-09,8.94,15.5,24.2,32.9,5.17,40.14
2017-10,4.43,9.5,18.6,27.6,3.86,29.13
2017-11,27.17,7.3,13.8,20.2,1.1,13.54
2017-12,2.63,2.3,9.4,16.6,1.27,11.86
2018-01,45.71,5,10.7,16.4,0.36,8.48
2018-02,7.14,3.4,10.3,17.2,1.18,12.67
2018-03,178.02,5.5,11.3,17.1,0.7,10.73
2018-04,28.74,7.9,15.9,23.8,1.21,19.88
2018-05,0.79,10.5,19.4,28.2,1.95,28.32
2018-06,0,14.5,24.4,34.4,5.21,47.05
2018-07,0,19.9,29.5,39.1,11.38,60.05
