Date,ppt_mm,tmin_C,tmax_C,vpdmin-hPa,vpdmax_hPa
1895-01,19.73,3.5,18.3,2.65,15.64
1895-02,0,2.8,21.4,3.79,21.61
1895-03,0,5.1,24.8,4.92,27.54
1895-04,0,9.8,29.1,7.31,35.8
1895-05,2.83,14.3,33.1,10.42,45.12
1895-06,0.71,17.4,37.2,13.07,57.12
1895-07,4.71,22.8,37.7,14.35,52.82
1895-08,120.46,22.2,36.3,9.13,42.95
1895-09,22.37,18.3,35.7,10.24,48.14
1895-10,17.12,11.4,29.5,6.69,34.79
1895-11,97.48,5.9,21.3,2.46,18.38
1895-12,2.9,0.5,18.5,2.77,17.57
1896-01,14.73,3.3,20,2.99,18.54
1896-02,3.81,4.6,19.9,3.34,18.17
1896-03,8.64,7,24.9,5.26,26.78
1896-04,1.92,7.5,27.8,6.05,33.31
1896-05,0,12.7,33.4,9.52,46.92
1896-06,4.91,21,39.7,16.28,64.47
1896-07,82.14,23.1,35.6,10.69,41.07
1896-08,32.25,22.2,35.4,9.96,41.63
1896-09,27.69,19.8,34,9.9,40.44
1896-10,83.49,13.3,27.3,4.79,25.92
1896-11,9.33,6.1,22.9,4.21,22.53
1896-12,19.4,3.4,20.5,3.39,19.54
1897-01,47.95,3.3,16.1,1.98,12.15
1897-02,4.14,2.1,18.4,2.67,16.68
1897-03,5.01,2.4,22,3.89,23.23
1897-04,0,8.2,28.8,6.66,35.62
1897-05,0,14.3,34.1,10.67,48.27
1897-06,0,17.1,36.4,12.76,54.46
1897-07,45.96,23.2,36.6,12.68,46.44
1897-08,85.95,22.5,34.9,8.19,37.36
1897-09,93.16,20.6,33.4,7.94,35.39
1897-10,13.63,10.5,28.7,6.06,33.03
1897-11,0,5.8,25.9,4.8,29.24
1897-12,3.78,-0.6,19.3,2.62,19.06
1898-01,30.71,-0.2,15.7,1.92,13.57
1898-02,0,4.1,23.6,4.31,25.28
1898-03,17.02,4.5,21.8,4.04,21.78
1898-04,24.56,10.7,28.6,6.93,33.53
1898-05,0,12.2,31,9.08,40.18
1898-06,5.85,19,37.1,13.78,55.24
1898-07,75.24,23.2,37.1,12.43,47.77
1898-08,95.24,22.8,36,8.95,40.74
1898-09,20.34,17.4,35.3,9.74,47.37
1898-10,0,9,31.4,6.34,40.84
1898-11,18.05,2.9,22.5,3.24,22.83
1898-12,38.12,1.8,15.3,1.72,11.78
1899-01,19.02,-0.4,16.9,2.09,15.14
1899-02,9.09,0.8,18.5,2.92,17.62
1899-03,8.3,3.9,23.5,4.4,25.38
1899-04,12.2,9.4,28.1,6.75,33.18
1899-05,0,9.6,30.4,7.92,39.76
1899-06,31.18,18.8,35.6,12.96,50.29
1899-07,37.48,23.6,37,13.22,47.28
1899-08,53.01,20.8,36.3,9.91,46.67
1899-09,2.03,18.9,37,11.8,52.99
1899-10,14.31,11.1,27.9,6.18,30.53
1899-11,14.09,5.2,23.9,4.02,24.6
1899-12,0,1.5,20.1,3.13,19.66
1900-01,5.04,2.4,21.2,3.04,20.92
1900-02,13.42,1.9,20.8,3.55,20.96
1900-03,14.95,8.2,25.6,5.56,27.64
1900-04,27.27,7.2,23.2,4.72,23.02
1900-05,0,13.8,33.4,10.32,46.25
1900-06,3.57,17.7,38.5,13.63,61.87
1900-07,15.4,23.2,39,15.34,57.68
1900-08,24.75,19.2,37,9.85,50.88
1900-09,18.25,16.3,33.2,8.48,41.31
1900-10,9.77,11.7,29,6.64,33
1900-11,58.71,7,24.4,3.23,23.54
1900-12,0,1.8,20.3,3.29,20.07
1901-01,30.94,2.5,18.6,2.42,16.58
1901-02,39.04,4,18.4,2.27,14.98
1901-03,15.58,4.1,22.2,4.03,22.69
1901-04,1.47,6.6,26.6,5.72,31.01
1901-05,10.72,12.4,32,9.04,42.43
1901-06,0,16.4,36.2,12.29,54.36
1901-07,59.79,22.9,38.6,13.87,54.89
1901-08,50.51,21.3,37.4,10.62,50.1
1901-09,6.47,16.9,36.1,10.11,50.86
1901-10,29.81,11.4,30,6.59,35.77
1901-11,3.77,7,25.5,5.03,27.74
1901-12,0,0.4,20.3,2.94,20.35
1902-01,13.58,1,19.8,2.67,18.99
1902-02,0,1.6,21.4,3.5,22.12
1902-03,11.22,3.1,21.6,3.8,22.21
1902-04,0,8.3,29.9,6.41,37.86
1902-05,0,12.2,31.8,9.19,42.38
1902-06,4.48,18.1,38.8,13.83,62.82
1902-07,10.26,20.7,37.5,13.16,54.05
1902-08,34.66,21.8,36,10.5,44.49
1902-09,13.59,18.6,34.3,10.1,43.2
1902-10,3.53,12,31.2,7.69,39.28
1902-11,34.16,4.9,20.9,2.83,18.67
1902-12,51.77,2.4,17.9,2.45,15.4
1903-01,0,1.2,18.1,2.61,16.47
1903-02,28.46,-0.3,15.6,2.16,13.6
1903-03,40.04,3.9,22.4,3.73,22.69
1903-04,0,7,26.8,5.68,31.07
1903-05,5.53,11.4,31.1,8.63,40.65
1903-06,5.77,17.1,37,12.72,56.56
1903-07,35.35,21.5,38.2,13.46,55.66
1903-08,66.57,22.8,37,11,46.31
1903-09,28.79,17.9,33.6,8.88,40.82
1903-10,0,9.5,29.9,6.5,37
1903-11,0,4.6,26.7,4.32,30.84
1903-12,3.57,1.8,20.1,3.23,19.74
1904-01,4.88,-2.6,17.8,1.95,17.07
1904-02,13.42,3.6,23.7,4,25.55
1904-03,1.9,6.1,25.5,5.03,28.35
1904-04,0,7,28.8,5.86,35.53
1904-05,16.21,13.2,32.3,9.1,42.87
1904-06,4.14,18.7,37.2,13.9,56.37
1904-07,41.89,21.5,37.4,12.69,51.89
1904-08,68.32,21.4,34.8,8.25,38.89
1904-09,21.39,16.8,33.2,8.41,40.58
1904-10,4.02,11.7,28.8,6.73,32.7
1904-11,0,4.7,24.8,4.4,27.07
1904-12,24.11,3.4,19.1,2.91,17.06
1905-01,60.53,4.1,19.9,2.58,17.37
1905-02,108.09,6.8,18.2,1.15,11.79
1905-03,99.38,7.6,21.8,2.85,18.39
1905-04,84.44,8.7,25.2,5.28,26.19
1905-05,0.52,9.6,31,8.07,41.29
1905-06,7.44,16.2,37.9,12.43,60.13
1905-07,26.21,20.6,37.5,13.08,53.94
1905-08,51.41,22.4,37.7,11.85,50.57
1905-09,66.06,18.8,34.9,9.25,43.78
1905-10,3.13,11.6,30.2,7.37,36.81
1905-11,119.71,7.7,21,2.38,16.48
1905-12,24.02,1.2,15.8,1.87,12.86
1906-01,13.3,1.6,18.9,2.6,17.54
1906-02,44.33,5.5,20.4,2.91,17.71
1906-03,10.84,5.4,24,4.56,25.67
1906-04,11.79,7.5,26.3,5.74,29.54
1906-05,0,10.4,31.8,8.49,43.3
1906-06,0,15.6,38,12.02,60.72
1906-07,44.07,22.4,38,13.54,53.48
1906-08,65.94,20.9,34.5,8.17,38.23
1906-09,9.98,16.8,35.3,9.85,48.27
1906-10,0,10.2,30.5,7,38.43
1906-11,20.08,5.4,23.3,3.98,23.56
1906-12,112.89,5,18.8,2.5,15.41
1907-01,53.56,4,17.5,2.13,13.89
1907-02,18.67,5.2,21.6,3.9,20.95
1907-03,14.89,5,24.4,4.36,26.53
1907-04,4.19,8.2,28.8,6.49,35.46
1907-05,13.95,11.7,31.2,8.56,40.65
1907-06,0,15.3,36,11.79,54.05
1907-07,101.07,22.1,37.6,12.09,50.83
1907-08,87.72,21.3,35.5,8.22,41.29
1907-09,18.93,17.3,35.8,10.04,49.62
1907-10,28.41,13,28.6,6.46,30.85
1907-11,25.68,6.5,22.6,3.73,21.52
1907-12,0,0.6,21,2.89,21.28
1908-01,19.64,1.5,19.7,2.6,18.69
1908-02,56.62,2.5,19,2.64,17.15
1908-03,10.49,5.6,24.3,4.65,26.18
1908-04,3.48,7.9,27.9,6.26,33.46
1908-05,4.11,9.9,30.4,7.96,39.73
1908-06,0,15.1,37.5,11.52,59.11
1908-07,113,21.8,36,10.23,43.85
1908-08,56.14,21.1,35.1,9.07,41.07
1908-09,14.04,16.3,35.1,9.16,47.41
1908-10,6.03,7.6,28.2,5.67,33.72
1908-11,5.99,5.5,23.7,4.26,24.62
1908-12,64.38,3.2,18.2,2.37,15.36
1909-01,13.38,3.2,21.1,2.95,20.31
1909-02,16.33,1.5,19,2.75,17.89
1909-03,12.91,2.8,20.8,3.52,20.6
1909-04,0,7.4,27.8,6.1,33.52
1909-05,0,9.8,31,8.12,41.42
1909-06,12.77,17,38,12.89,60.07
1909-07,96.4,21.9,37.1,11.24,48.73
1909-08,42.4,21.6,35,8.57,39.37
1909-09,31.5,17.3,33.6,8.48,41.15
1909-10,0,9.3,31,6.59,39.82
1909-11,20.29,4.6,23.9,3.65,24.93
1909-12,20.9,0.8,16.5,2.05,14.14
1910-01,25.09,1.9,18.3,2.4,16.34
1910-02,0,0.4,20.6,3.27,21.06
1910-03,3.44,7.4,27.6,5.69,32.53
1910-04,2.43,8.8,30.1,6.68,38.45
1910-05,0,13.2,34.9,10.13,51.3
1910-06,3.83,18,38.7,13.78,62.36
1910-07,99.45,21.1,38.7,12.38,56.86
1910-08,63.6,21.9,37.3,10.73,48.86
1910-09,8.14,18.9,36.8,11.36,51.9
1910-10,1.19,11.5,30.9,7.47,38.8
1910-11,34.6,5.5,23.7,3.53,23.71
1910-12,2.26,2.4,21.2,3.46,21.28
1911-01,34.59,4.3,20.8,2.82,19.12
1911-02,30.73,3.4,18.5,2.46,15.68
1911-03,8.4,8.1,25.6,5.44,27.63
1911-04,6.98,8.5,28,6.63,33.51
1911-05,0,11.8,33.2,9.38,46.52
1911-06,3.77,17.3,37.6,12.88,58.77
1911-07,41.26,21.7,35.5,10.64,42.85
1911-08,50.67,21.3,37.4,11.28,50.7
1911-09,62.38,19.9,34.6,9.32,41.83
1911-10,33.45,10.8,28.2,5.84,31.31
1911-11,0,3.8,22.2,3.81,22.53
1911-12,22.45,-1.5,16,2.1,14.52
1912-01,0,-0.1,20.5,2.53,20.52
1912-02,11.99,0.3,21.8,3.2,22.94
1912-03,60.24,6.2,20.5,2.97,17.49
1912-04,8.08,6.1,23.7,4.94,25.07
1912-05,9.63,10.8,31.9,8.34,43.17
1912-06,14.37,18.6,37.9,13.91,58.96
1912-07,76.61,20.1,35,9.53,42.84
1912-08,29.73,20.3,35.6,9.71,44.91
1912-09,1.79,14.8,34.6,8.54,46.98
1912-10,33.67,10.4,27.1,5.3,28.66
1912-11,0,4.4,23.6,4.15,24.87
1912-12,10.59,-0.9,16.4,2.12,14.81
1913-01,19.89,-1.6,16.1,1.94,14.63
1913-02,57.93,3,17.4,2,14.01
1913-03,4.14,3,21.7,3.98,22.33
1913-04,13.55,8.5,27.3,6.32,31.77
1913-05,0,11,32.4,8.71,44.87
1913-06,1.65,15.5,36.2,11.75,54.69
1913-07,44.46,20.6,36.8,11.55,50.37
1913-08,33.56,20.8,36.5,10.45,47.39
1913-09,3.38,17.1,34.1,9.52,43.82
1913-10,4.89,9.3,29.5,6.52,36.14
1913-11,53.57,8.6,22.2,2.93,18.26
1913-12,24.98,2.4,16.3,1.94,12.94
1914-01,7.67,3.3,20.5,3,19.49
1914-02,13.64,2.7,20,3.25,19.06
1914-03,28,7.2,24.6,4.85,25.82
1914-04,0,9.3,28.3,6.92,33.84
1914-05,13.34,12.8,32.8,9.43,44.62
1914-06,27.07,19.3,36.6,13.62,53.11
1914-07,73.55,22,35.3,10.15,41.4
1914-08,70.77,21.5,36.9,10.5,47.98
1914-09,8.42,19,34.6,10.36,43.95
1914-10,65.32,11.4,27.8,5.1,29.17
1914-11,32.03,8.1,24.1,3.99,23.16
1914-12,145.15,2.6,15,1.07,10.32
1915-01,42.56,1.4,15.6,1.82,12.56
1915-02,45.01,3.9,17.6,2.17,14.04
1915-03,22.7,4.4,20.3,3.75,19.18
1915-04,10.92,7.6,25.5,5.66,27.88
1915-05,3.92,9.7,29.2,7.89,36.47
1915-06,2.89,16,37.3,12.26,58.12
1915-07,61.71,22.6,37.2,13.14,49.67
1915-08,34.09,22.5,37.9,12.88,52.22
1915-09,19.33,16.9,34.4,9.42,44.89
1915-10,0.11,11,31.6,7.5,41.09
1915-11,23.56,3.7,24.1,3.42,25.46
1915-12,54.97,1.2,18.7,2.56,17.33
1916-01,99.76,4.1,16.7,1.48,12.1
1916-02,14.76,5.5,23,4.22,23.3
1916-03,15.23,7.1,25.8,5.12,28.47
1916-04,12.08,7.9,28,6.21,33.49
1916-05,0,10.3,32.5,8.38,45.28
1916-06,0.95,15.7,38.4,12.02,62.21
1916-07,54.49,21.7,37,12.1,49.46
1916-08,62.77,20.9,35.6,9.03,43.16
1916-09,30.31,17.9,34.5,9.67,44.22
1916-10,27.2,9.4,28.6,5.7,33.14
1916-11,0,2.7,24,3.7,26.03
1916-12,18.74,-1.3,18.1,2.38,17.36
1917-01,51.13,2.2,16.2,1.87,12.87
1917-02,12.76,0.8,19.5,2.97,19.03
1917-03,3.6,1.4,22.7,3.59,24.54
1917-04,6.76,6.4,26.8,5.37,31.16
1917-05,20.44,9.7,29,7.14,35.28
1917-06,0,17.3,38.6,13.4,62.56
1917-07,97.23,22.3,37.4,11.48,49.49
1917-08,57.27,19.8,37.1,9.46,50.11
1917-09,19.59,19,34.6,10.18,43.8
1917-10,0,10.6,32.6,7.33,43.88
1917-11,0,4.5,26.9,4.28,31.3
1917-12,0,-0.1,23.8,2.78,25.89
1918-01,39.11,-0.3,17.8,2.09,16.37
1918-02,31.04,3.1,21.8,3.59,22.05
1918-03,9.84,7.7,24.2,4.93,24.87
1918-04,0.86,8.3,27.3,6.43,32.07
1918-05,4.49,11.5,30.3,8.62,38.68
1918-06,10.55,20.9,38.5,15.41,59.36
1918-07,38.15,22.6,37.5,13.26,50.96
1918-08,24.95,19.9,35.3,9.51,44.17
1918-09,4.03,18.7,36.1,11.18,49.69
1918-10,15.55,11.9,30.4,7.13,36.63
1918-11,28.23,5.6,21.3,3.26,19.38
1918-12,38.02,2.4,16.4,1.98,13.15
1919-01,7.15,-0.4,17.7,2.32,16.43
1919-02,24.31,0.9,16.9,2.25,14.76
1919-03,15,3.5,21.8,3.88,22.17
1919-04,26.65,8.9,28.4,6.22,33.67
1919-05,18.6,13,31.7,8.96,40.99
1919-06,8.13,17.8,38.2,13.63,60.7
1919-07,136.42,21.7,35.1,8.21,39.25
1919-08,46.42,21.1,35.8,9.96,44.29
1919-09,61.52,17.9,32.1,7.35,34.92
1919-10,10.1,9.1,26.5,5.36,28.5
1919-11,85.43,5.3,22.6,2.57,20.93
1919-12,15.42,3.1,19.9,3.12,18.5
1920-01,57.99,3.9,17.9,2.25,14.45
1920-02,27.99,5.3,20.3,2.82,17.46
1920-03,48.92,4.2,21.1,3.28,20.04
1920-04,4.46,5.2,24.5,4.89,27.07
1920-05,5.05,11.4,32.9,8.87,45.54
1920-06,13.99,16.5,36.6,12.25,55.32
1920-07,6.09,21.7,39.6,14.98,62.08
1920-08,70.91,20.5,35.6,9.07,43.35
1920-09,20.31,15.9,34.1,8.51,44.34
1920-10,17.66,9.6,27.8,5.89,31.41
1920-11,0.96,3.7,23.8,3.89,25.33
1920-12,3.45,-1.5,18.6,2.4,18.19
1921-01,8.96,1.2,19.4,2.6,18.39
1921-02,13.21,2.4,22,3.7,22.76
1921-03,4.04,6.3,25.7,5.15,28.79
1921-04,13.97,6.7,26.3,5.47,30.13
1921-05,0,11.1,30.2,8.51,38.51
1921-06,5.19,16.7,36.4,12.36,54.55
1921-07,152.99,22.4,35.5,9.21,40.62
1921-08,48.57,20.6,34.6,8.23,39.7
1921-09,64.42,17.2,34.7,8.61,44.74
1921-10,6.42,11,31.6,7.31,40.85
1921-11,14.8,3.7,25.6,3.68,28.51
1921-12,5.07,4.2,20.7,3.16,19.2
1922-01,31.17,0.3,17.4,2.18,15.5
1922-02,6.51,2.5,20.2,3.27,19.58
1922-03,32.82,3,21.8,3.56,22.15
1922-04,18.62,6.9,25.1,5.34,27.36
1922-05,4.18,12.7,33.4,9.62,46.59
1922-06,11.07,18,38.8,13.78,62.45
1922-07,40.97,22.1,37.5,12.91,51.44
1922-08,32.39,21.5,36.6,10.92,47.11
1922-09,42.09,18.6,35.4,10.03,46.31
1922-10,5.46,11.4,30.2,7.23,36.9
1922-11,12.68,2,21.5,3.03,21.42
1922-12,3.66,2.8,21.2,3.27,20.98
1923-01,6.65,2.8,21.5,3.07,21.14
1923-02,12.51,4.1,19.6,3.1,17.55
1923-03,16.93,4.2,22.1,4.15,22.62
1923-04,12.44,8.6,26.9,6.24,30.62
1923-05,1.2,13.3,33.7,10.14,47.33
1923-06,0,15.3,36.3,11.72,55.16
1923-07,72.5,22,36.3,11.29,45.96
1923-08,101.87,20.6,33.8,6.19,34.98
1923-09,4.93,15.9,33.7,8.52,43.11
1923-10,0,7.8,29.2,5.81,35.87
1923-11,81.81,6.7,20.1,2.14,15.7
1923-12,67.95,4.3,15.4,1.34,10.19
1924-01,0,0.2,18.1,2.54,16.89
1924-02,0,2.3,22.5,3.74,23.77
1924-03,44.3,3,19.9,3.05,18.66
1924-04,10.42,7.3,25.4,5.54,27.89
1924-05,0,13.3,33.2,10.15,45.97
1924-06,3.92,18.6,39.7,14.43,65.91
1924-07,26.47,22.5,38,13.85,53.91
1924-08,27.55,21.8,38.2,12.73,54.18
1924-09,5.16,18.9,36.3,11.4,50.27
1924-10,3.76,8.6,30.5,6.06,38.79
1924-11,12.14,5.2,25.7,4.34,28.38
1924-12,18.15,3,17.2,2.3,14.21
1925-01,1.78,-1.4,18.7,2.22,18.02
1925-02,1.8,3.6,23.3,4.07,24.86
1925-03,4.17,5.1,26.4,4.71,30.55
1925-04,8.8,7.9,29.2,6.07,36.21
1925-05,0,14,33.7,10.5,47.09
1925-06,21.94,18.2,35.5,12.61,50.09
1925-07,27.77,23.3,38.2,14.37,53.59
1925-08,38.94,21.2,36,10.39,44.99
1925-09,64.25,16.7,34.5,8.46,44.48
1925-10,27.91,12.2,27.5,6.05,28.7
1925-11,28.59,4.9,22.1,3.37,21.06
1925-12,10.81,2.7,17.7,2.56,15.15
1926-01,18.44,-0.2,16,2.07,14.05
1926-02,17.34,3.3,22.3,3.89,23.09
1926-03,46.28,7.4,23.3,4.11,22.5
1926-04,37.9,11,25.3,5.79,25.14
1926-05,15.25,12.9,31.7,8.94,41.05
1926-06,0.51,18,38.2,13.73,60.57
1926-07,15.99,21.8,37.7,13.47,53.38
1926-08,4.11,22,37.6,12.94,52.1
1926-09,69.39,19.9,34.2,9.42,40.44
1926-10,32.58,13.1,30.3,7.4,35.65
1926-11,6.81,5.6,24.5,4.45,26.17
1926-12,50.32,4.3,16.5,1.82,11.81
1927-01,1.89,3.5,21.8,3.24,21.47
1927-02,26.35,6.1,20.9,3.03,18.32
1927-03,34.66,4.8,22.9,3.89,23.27
1927-04,11.39,8.8,27.4,6.21,31.72
1927-05,0.63,13,33,9.66,45.51
1927-06,6,17.5,36.4,12.82,53.92
1927-07,30.85,22.8,38.3,14.2,54.38
1927-08,41,21.9,35.7,10.05,42.67
1927-09,55.81,18.5,33.8,8.46,40.31
1927-10,0,10.6,30.5,6.98,38.18
1927-11,3.08,7.1,26.2,5.06,28.98
1927-12,34.3,1.8,16.6,2,13.64
1928-01,0,0.8,20.2,2.69,19.76
1928-02,26,2.6,19.6,2.9,18.25
1928-03,0,6.3,25.2,5.08,27.65
1928-04,0.82,6.9,27.6,5.89,33.05
1928-05,4.51,15.3,33,10.57,43.8
1928-06,0,18.8,38,14.25,59.28
1928-07,43.27,22.9,38.8,14.44,56.46
1928-08,59.06,21.5,35.6,9.7,42.47
1928-09,8.76,18.5,36,10.99,49.5
1928-10,7.65,12.1,30.4,7.15,36.83
1928-11,11.51,6.3,22.4,4.12,21.58
1928-12,12.86,2,17.9,2.47,15.86
1929-01,10.79,0.3,17.4,2.24,15.68
1929-02,15.52,2.4,17.2,2.5,14.67
1929-03,5,4.4,22,4.27,22.43
1929-04,4.44,7.1,26.4,5.64,30.24
1929-05,0,13,32.8,9.91,45.02
1929-06,2.51,17,38.1,13.07,60.61
1929-07,45.65,23.6,36.7,12.6,46.11
1929-08,43.19,22,35.9,9.99,43.21
1929-09,96.87,19.2,34,8.26,39.44
1929-10,2.78,12.1,30,7.25,35.77
1929-11,2.41,2.5,22.1,3.5,22.76
1929-12,5.23,1.8,22,3.32,22.62
1930-01,26.08,3,16.6,2.26,13.31
1930-02,28.08,3.8,22.8,4.05,23.71
1930-03,59.49,5.8,21.5,3.28,19.64
1930-04,12.13,10.8,29.1,7.34,35.08
1930-05,21.87,12,29.7,8.09,36.08
1930-06,27.11,18.8,37.2,13.59,56.01
1930-07,23.98,23.3,36.5,12.75,45.85
1930-08,38.93,21.7,37.1,11.5,49.12
1930-09,8.7,16.2,35,9.15,47.49
1930-10,3.15,9.5,29.5,6.43,35.92
1930-11,34.73,7.1,21.5,3.5,18.89
1930-12,8.11,1.9,18.3,2.76,16.58
1931-01,17.8,1.6,18,2.5,16.02
1931-02,83.3,5.9,18.1,1.36,12.57
1931-03,4.01,5.3,23.4,4.81,24.72
1931-04,12.95,11.3,27.7,7.47,31.53
1931-05,5.4,13.6,32.5,9.95,43.51
1931-06,13.7,18.9,36.2,13.51,52.22
1931-07,26.11,23.9,39,15.06,55.99
1931-08,100.92,21.3,34.5,6.68,36.65
1931-09,59.9,19.4,34.4,8.99,41.45
1931-10,2.6,10.8,30.1,7.02,36.93
1931-11,87.11,5.4,19.3,1.83,15.02
1931-12,14.26,1.6,16.6,2.11,13.7
1932-01,22.18,-1.5,14.1,1.72,11.96
1932-02,35.82,5.1,19.8,2.74,16.99
1932-03,9.83,5.6,22.7,4.59,23.12
1932-04,7.71,7.2,27.8,5.97,33.18
1932-05,0,11.8,32.2,9.35,43.73
1932-06,4.28,16.3,36.7,12.33,55.91
1932-07,62.91,23,36.6,12.14,46.03
1932-08,41.7,22.3,36.9,11.31,47.24
1932-09,5.78,18.3,35.8,10.8,48.97
1932-10,36.14,11.3,28.3,6.13,31.42
1932-11,0,4.8,26.3,4.49,29.92
1932-12,51.38,1.5,15.5,1.68,12.07
1933-01,28.49,0.4,16.9,2.08,14.87
1933-02,9.2,-0.3,17.3,2.68,16.36
1933-03,0,3.8,24.8,4.41,27.75
1933-04,1.64,6.4,25.3,5.51,28.26
1933-05,0,9.2,29.7,7.74,38.04
1933-06,3.1,18.9,37.1,14.03,55.95
1933-07,39.35,23.2,38.5,14.08,54.64
1933-08,54.79,22.4,37.5,11.74,49.74
1933-09,38.06,19.8,35.5,10.5,45.84
1933-10,45.6,13.2,31.2,7.34,37.86
1933-11,15.24,5.1,25.5,4.14,27.89
1933-12,7.95,1.4,21.2,3.13,21.41
1934-01,11.86,0.4,19.4,2.57,18.57
1934-02,10.62,4.7,22.6,4.05,22.81
1934-03,9.36,7.7,27.9,5.81,33.12
1934-04,1.56,11,30.2,7.81,37.81
1934-05,2.04,15.7,35.8,11.48,52.84
1934-06,3.68,17,36.1,12.49,53.6
1934-07,26.99,23.7,38.4,14.82,54.27
1934-08,62.98,22.4,35.2,8.59,39.22
1934-09,26.41,17.4,35.3,9.7,47.54
1934-10,0,11.2,32.1,7.56,42.15
1934-11,14.44,4.9,23.1,3.82,23.31
1934-12,52.26,3.9,19.1,2.76,16.52
1935-01,29.37,3.7,18.8,2.61,16.22
1935-02,55.74,6,19.5,2.52,15.71
1935-03,33.45,5.1,20.7,3.58,19.31
1935-04,0,8.9,27.5,6.53,32.19
1935-05,3.82,11.1,29.1,8.41,35.74
1935-06,0,17.8,38.3,13.79,61.29
1935-07,28.65,21.9,38.2,13.82,55.16
1935-08,121.86,21.5,34.8,6.74,37.34
1935-09,20.82,18.2,33.7,9.3,41.11
1935-10,0,9.8,30.8,6.79,39.3
1935-11,47.22,3.2,21.9,2.45,20.9
1935-12,27.39,2.6,19,2.77,17.07
1936-01,24.22,0.2,18.7,2.43,17.6
1936-02,24.14,3.6,19.5,2.89,17.54
1936-03,13.85,6.1,24.1,4.76,25.58
1936-04,1.38,9,29.9,6.94,38.03
1936-05,0,13.6,35,10.51,51.33
1936-06,3.37,19,39.2,14.63,63.68
1936-07,63.24,22.8,38.4,13.57,54.52
1936-08,82.29,21.6,36.3,9.47,44.6
1936-09,31.91,17.3,33.5,8.82,41.31
1936-10,3.01,10.6,29.7,6.57,35.68
1936-11,29.28,7.8,22.9,4.1,21.44
1936-12,22.89,1.9,18.6,2.68,16.94
1937-01,38.26,-2.4,12.4,1.49,10.5
1937-02,8.13,2.5,20,3.33,19.38
1937-03,18.05,4.6,21.9,4.11,21.96
1937-04,0.4,6.7,28.1,5.76,34.33
1937-05,5.77,12.6,33.8,9.67,48.2
1937-06,1.06,17.5,37.2,13.33,57.14
1937-07,55.02,22.2,38.3,13.36,54.9
1937-08,45.08,22.4,37.8,12.04,51.12
1937-09,35.3,20,35.7,11.12,46.76
1937-10,7.11,11.4,31.6,7.62,40.84
1937-11,6.96,4.2,26.1,4.1,29.48
1937-12,19.34,4.6,19.9,3.23,17.74
1938-01,15.85,2.5,19.7,2.82,18.33
1938-02,21.78,4.6,19.7,3.1,17.4
1938-03,15.44,5.2,22.5,4.18,22.74
1938-04,2.49,8.5,28.5,6.71,34.69
1938-05,2,11.4,32.4,8.98,44.46
1938-06,41.35,17.8,37.5,13.18,57.81
1938-07,20.33,21.1,37.2,12.87,52.18
1938-08,53.25,20.4,36.8,10.07,48.6
1938-09,11.27,18.8,35.8,10.97,48.28
1938-10,0,10.9,30.6,7.33,38.25
1938-11,1.96,2.5,22.5,3.55,23.43
1938-12,29.36,3,20.3,3.18,19.18
1939-01,10.67,2.4,17.7,2.57,15.26
1939-02,37.73,-0.3,14.8,1.88,12.5
1939-03,13.6,5.4,24.4,4.75,26.57
1939-04,3.08,9.7,29.2,7.2,36.12
1939-05,0,13,33.7,10.02,47.75
1939-06,0,18.3,38.1,14.06,60.24
1939-07,38.13,23,38.2,13.85,53.48
1939-08,40.29,21.7,36.7,10.83,46.84
1939-09,37.14,19,33.9,8.75,40.32
1939-10,8.75,10.4,29,6.37,33.97
1939-11,18.52,9.6,24,5.03,23.11
1939-12,6.55,4,22.7,3.96,23.26
1940-01,12.68,3.1,19.8,2.84,17.99
1940-02,42.91,3.5,19.7,2.84,17.7
1940-03,2.3,6.2,25.1,5.08,27.77
1940-04,5.84,9.6,27.8,6.73,32.28
1940-05,4.62,14.6,34.5,10.59,49.31
1940-06,30.9,19.2,37.6,13.74,57.14
1940-07,20.24,21.9,38.9,14.33,58.59
1940-08,70.69,21.1,36.9,10.06,47.83
1940-09,61,19,34.4,8.88,41.72
1940-10,11.33,12.7,29.6,7.02,34.24
1940-11,35.87,4.9,21.7,3.16,20.34
1940-12,71.29,6.5,20.1,2.99,16.57
1941-01,39.75,4.4,17.9,2.43,14.38
1941-02,49.87,6.8,20.5,2.6,16.53
1941-03,27.73,6.3,21.7,3.97,20.22
1941-04,26.48,6.9,24.2,4.84,25.25
1941-05,14.15,12.8,32.1,9.09,42.53
1941-06,0,16.5,36.4,12.52,54.89
1941-07,50.29,22,37.9,12.56,53.81
1941-08,60.73,21,36,7.95,42.04
1941-09,38.25,17.2,34.5,7.87,42.33
1941-10,14.57,10.4,28.1,3.75,28.41
1941-11,12.47,6.2,24.3,4.42,24.41
1941-12,53.58,3.6,18.3,2.1,14.99
1942-01,13.88,3.2,19.3,2.43,16.93
1942-02,36.98,1.9,18.7,2.6,17.46
1942-03,9.02,3.1,22.5,3.66,23.05
1942-04,33.48,8.1,26.9,5.59,30.74
1942-05,0,11.3,33.3,9.67,47.5
1942-06,0,16.6,38.5,14.74,62.98
1942-07,20.62,23.5,39.7,16.46,60.23
1942-08,33.73,21.5,36.8,10.59,47.79
1942-09,36.88,18,35.6,11,47.21
1942-10,15.23,11.3,28.7,6.05,32.31
1942-11,0,6.1,25.8,4.23,27.31
1942-12,9.36,2.3,20.4,2.31,18.08
1943-01,14.26,3,18.9,2.66,16.53
1943-02,7.21,4.8,22.8,4.02,23.01
1943-03,22.64,6.4,24.6,4.89,25.6
1943-04,0,9.9,31,8.71,39.58
1943-05,2.76,13.3,34.1,12.2,48.52
1943-06,4.32,18.3,36.9,15.28,54.71
1943-07,24.8,22.1,38.9,14.68,56.4
1943-08,62.12,21.2,35.9,7.56,40.74
1943-09,54.09,18.2,36,10.76,47.6
1943-10,6.56,12.5,29.9,7.77,35.21
1943-11,0,5.9,24.9,6.19,26.63
1943-12,20.97,3.8,18.5,2.59,15.2
1944-01,11.99,0.8,17.9,2.84,16.37
1944-02,31.05,2.7,18.1,1.97,15.23
1944-03,23.29,4.6,21.9,3.94,21.51
1944-04,12.24,8.1,26.4,6.43,29.59
1944-05,11.34,13.4,32.1,10.33,41.38
1944-06,2.15,16.7,36.7,14.71,54.45
1944-07,29.24,22.3,38.9,15.89,58.11
1944-08,70.65,22.8,38.3,13.26,52.07
1944-09,33.88,18.6,34.5,9.35,42.2
1944-10,29.26,13.4,30.9,8.05,36.64
1944-11,43.79,5.3,20.4,2.11,17.53
1944-12,31.12,2.4,18.5,2.88,16.2
1945-01,16.03,2.3,18,2.12,15.38
1945-02,9.33,3.3,20.5,2.76,18.96
1945-03,21.22,4.6,21,3.55,20.01
1945-04,2.99,7.8,27.7,7.2,33.64
1945-05,0,13.1,32.9,12.08,45.69
1945-06,0,15.3,36.5,14.2,55.56
1945-07,42.44,23,38.1,13.83,52.83
1945-08,72.79,22.2,36.7,8.68,43.48
1945-09,3.06,17.7,35.7,11.36,49.49
1945-10,38.22,12.1,29.7,5.94,32.54
1945-11,0,3.4,24.5,4.67,26.57
1945-12,5.1,0.9,18.5,2.26,16.08
1946-01,46.3,1.5,16,1.74,13.29
1946-02,6.25,0.6,20.8,3.09,21.88
1946-03,11.44,5.6,25.1,4.71,28.31
1946-04,2.85,11.7,31.2,7.89,40.52
1946-05,0,12.7,32.6,9.23,44.84
1946-06,0.05,19.2,39.7,15.74,61.45
1946-07,63.13,22.3,37.7,9.77,47.72
1946-08,99.96,21.7,36.1,6.16,40.63
1946-09,52.71,19.6,34.6,6.75,39.08
1946-10,20.31,9.6,26.9,3.12,25.56
1946-11,22.12,3.2,21.1,1.77,19
1946-12,12.85,3.2,20.6,1.96,17.97
1947-01,5.74,0.6,16.7,2.04,14.23
1947-02,2.6,4,23.2,3.26,22.34
1947-03,8.44,5.3,24.5,3.51,24.16
1947-04,0,8.3,27.9,6.47,31.97
1947-05,4.71,14.9,34.4,10.82,46.19
1947-06,2.38,17.8,37.3,14.14,54.61
1947-07,12.7,22.9,39.7,16.11,58.49
1947-08,52.64,22.1,36,10.3,42.46
1947-09,29.3,19.8,36.6,11.2,47.36
1947-10,15.17,11.8,30.4,5.83,34.46
1947-11,22.19,4.2,20.3,2.74,17.7
1947-12,14.41,1.1,16.7,1.56,13.5
1948-01,0,0.9,20.2,1.74,18.41
1948-02,34.16,2.7,18.5,2.31,16.44
1948-03,15.05,4.3,20,2.9,17.34
1948-04,0,9.6,29.8,7.39,35.82
1948-05,0,13.1,34.3,11.56,48.2
1948-06,2.71,18.5,38.2,15.39,58.07
1948-07,33,23.3,38.9,15.45,55.51
1948-08,36.7,22.6,37.9,10.25,47.47
1948-09,23.57,20.7,36.9,12.27,49.67
1948-10,14.24,15.5,30.4,7.79,33.81
1948-11,2.78,2.6,21.7,4.03,21.57
1948-12,29.14,3.4,18.6,2.64,15.12
1949-01,50.21,1.5,12.1,1.16,8.48
1949-02,12.09,1.9,18.6,1.9,17.26
1949-03,8.17,5.5,23.6,3.61,23.71
1949-04,6.38,10,28.5,6.87,34.55
1949-05,0,12.7,32.8,10.26,43.81
1949-06,3.06,19.1,37.1,14.54,53.05
1949-07,65.14,22.4,36.7,9.33,46.12
1949-08,17.43,20.1,37.4,10.75,51.33
1949-09,33.52,20.7,36,9.55,44.37
1949-10,16.53,11.6,27.9,5.77,30.2
1949-11,2.72,8.3,27.7,6.47,31.27
1949-12,27.92,2.3,18.9,2.38,17.11
1950-01,7.78,1.5,18.9,2.11,16.43
1950-02,29.65,4.6,22.6,2.89,21.24
1950-03,5.48,6.2,24.9,4.67,26.54
1950-04,0,10.8,30.3,8.67,37.7
1950-05,0.23,11.8,32,10.73,41.26
1950-06,35.58,17.6,37.1,13.83,54.53
1950-07,97.64,22.2,35.3,7.32,38.91
1950-08,14.61,20.5,37.5,10.1,49.36
1950-09,12.23,16.6,34.8,9.43,44.96
1950-10,0,14.9,34.9,10.31,46.25
1950-11,0,7.4,27.6,5.25,28.84
1950-12,0,4.3,24.4,4.94,24.59
1951-01,31.12,1.9,19.1,2.01,16.04
1951-02,6.98,3.7,20.6,2.53,18.4
1951-03,6.95,5.1,23.5,5.01,24.32
1951-04,33.05,9.7,27.2,5.66,29.66
1951-05,7.94,12.9,32.3,10.72,42.93
1951-06,0,17.2,36.9,15.86,55.78
1951-07,39.83,23.5,39.5,12.4,54.63
1951-08,66.14,22,36.8,8.37,45.5
1951-09,13.06,18.2,37.7,11.11,53.92
1951-10,43.34,13.5,31.2,7.22,36.75
1951-11,27.47,7,22.5,2.43,19.27
1951-12,23.37,3.6,18.4,1.38,14.15
1952-01,13.29,3.3,18.6,1.96,15.15
1952-02,2.82,2.1,19.7,2.97,18.02
1952-03,57.32,3.6,19.1,2.17,16.76
1952-04,39.26,9.8,26.9,4.16,28.35
1952-05,1.2,14.5,34.1,10.35,44.94
1952-06,10.42,18.4,37.9,13.88,57.64
1952-07,46.42,21.3,38.4,12.22,52.89
1952-08,51.44,22.1,37.3,9.43,46.08
1952-09,12.24,20,37.4,12.34,52.36
1952-10,0,13.4,34.9,10.81,48.6
1952-11,49.45,5.4,22,2.88,21.06
1952-12,17.41,2.1,18,1.64,15.65
1953-01,1.61,2.3,21.4,2.51,20.73
1953-02,15.25,1.1,20.7,3.23,20.56
1953-03,31.02,6.6,24.2,3.73,24.66
1953-04,3.44,8.8,27.4,6.51,32.21
1953-05,0,10.5,29.5,9.56,37.85
1953-06,2.82,18.6,38.4,16.16,60.79
1953-07,82.41,23.6,37.7,11.69,47.54
1953-08,16.21,22,38.4,12.55,53.12
1953-09,0,17.3,38.3,16.1,58.95
1953-10,0.37,11.6,31.3,9.58,39.84
1953-11,2.3,6.4,25.7,5.81,28.35
1953-12,3.17,-0.3,18.8,3.37,18.61
1954-01,19.29,2.5,20.6,2.88,19.53
1954-02,11.02,6,25,5.14,27.39
1954-03,41.32,6.8,22.9,4.59,23.48
1954-04,0,10.9,31.2,8.86,41.08
1954-05,12.39,14.6,33.2,10.55,44.91
1954-06,20.48,18.1,37.2,14.55,56.55
1954-07,78.98,22.7,37.4,8.8,47.88
1954-08,51.42,20.9,35.4,7.3,41.78
1954-09,50.04,19.4,36.3,8.48,46.06
1954-10,4.92,13,32.2,8.36,39.23
1954-11,0,5.6,26.6,5.39,28.75
1954-12,2.21,2.6,21,3.5,20.06
1955-01,48.6,0.5,15.6,1.06,12.76
1955-02,5.86,-0.1,18.6,2.65,18.19
1955-03,4.19,5.4,24.2,0.98,4.82
1955-04,0,6.4,27.7,7.11,32.99
1955-05,1.72,12.5,31.5,10.01,40.27
1955-06,7.3,17.1,37.4,15.62,57.78
1955-07,119,20.7,36.7,9.19,47.28
1955-08,85.67,21.1,34.2,4.15,32.38
1955-09,4.94,17.6,36.3,11.11,48.94
1955-10,10.5,13.2,32.8,8.26,39.66
1955-11,0.3,5.3,24.3,4.29,24.73
1955-12,6.49,3.2,22,2.73,20.2
1956-01,24.63,4.6,22,3.55,20.64
1956-02,15.93,1.1,17.5,2.03,15.4
1956-03,0,4.2,26.3,5.53,30.51
1956-04,6.76,8.4,27.1,6.02,30.9
1956-05,0,13.5,34.3,11.49,47.61
1956-06,2.5,20.5,39.1,16.42,59.46
1956-07,45.96,21.9,37.5,10.41,49.21
1956-08,32.55,20.6,36.7,10,46.89
1956-09,4.55,19.2,38.1,12.73,54.56
1956-10,7.79,11.8,31.4,7.09,37.62
1956-11,0,4.3,23.6,5.23,25.12
1956-12,4.55,2.2,20.3,3.36,19.04
1957-01,50.7,5.9,18.6,1.97,13.96
1957-02,12.99,7.8,23.4,2.38,20.55
1957-03,30.16,7.3,23.3,3.97,22.08
1957-04,5.07,8.6,27.2,6.36,30.43
1957-05,11.27,12.5,30.2,8.16,35.74
1957-06,4.51,20.4,38.4,16.23,58.57
1957-07,50.81,23.8,38.3,12.3,51.67
1957-08,63.36,22.2,36.3,8.64,43.91
1957-09,7.81,17.9,35.9,11.73,48.92
1957-10,48.49,13.5,27.6,4.85,27.72
1957-11,23.76,4.8,20.4,1.97,17.47
1957-12,15.09,4,20.6,2.92,18.6
1958-01,0,2.7,19.3,3.73,18.4
1958-02,40.36,6,20.9,2.77,18.43
1958-03,64.94,5.7,19,1.67,15.64
1958-04,23.31,9.3,26.6,5.42,30.15
1958-05,0.73,16.9,35.3,13.39,50.45
1958-06,12.3,20.6,38.5,15.46,57.11
1958-07,72.34,23.4,38.7,12.44,53.61
1958-08,46.29,22.8,36.3,6.8,41.2
1958-09,36.58,19.8,34.6,8.17,40.67
1958-10,20.65,15.8,29.8,6.71,31.1
1958-11,23.88,6.6,23.5,3.39,22.7
1958-12,0,3.9,23.7,4.02,24.17
1959-01,0,2.6,21.8,3.37,21.15
1959-02,15.55,2.6,19.9,2.23,17.73
1959-03,0,4.9,25.1,5.5,27.52
1959-04,3.21,11.3,30.1,7.87,36.5
1959-05,0,13.3,32.4,10.42,43.51
1959-06,2.67,21,39,16.56,59.12
1959-07,78.98,23.3,38.5,9.08,49.1
1959-08,96.37,21.9,34.5,4.7,33.67
1959-09,2.43,18.3,35.5,10.01,46.07
1959-10,30.93,12.3,30.9,7.27,36.26
1959-11,18.47,7.1,22.7,2.84,19.77
1959-12,54.01,4,18.8,2.16,15.28
1960-01,63.95,1.3,16,1.24,13.34
1960-02,14.19,0.9,17.7,1.8,16.01
1960-03,6.1,6.6,26.4,4.1,28.8
1960-04,0,9.1,29.5,7.26,36.33
1960-05,1.14,12.3,33.1,9.66,44.9
1960-06,0.48,19.5,39.6,15.77,61.67
1960-07,33.73,22.7,39.2,12.78,55.18
1960-08,43.41,22.5,37.8,9.03,47.99
1960-09,21.62,19.1,36.9,9.46,48.76
1960-10,21.74,11.9,29,4.67,30.81
1960-11,1.63,6.1,25.1,3.8,24.85
1960-12,19.48,1.4,19.2,2.83,18.12
1961-01,25.18,4.3,19.5,2.62,16.7
1961-02,2.47,3.5,21.5,3.19,20.47
1961-03,7.36,5.8,24.3,4.63,24.4
1961-04,0,9.5,29,7.55,34.72
1961-05,0,13.3,33.6,11.46,45.91
1961-06,2.25,20,38.7,15.81,57.22
1961-07,50.76,22.7,38.2,11.13,50.69
1961-08,86.54,21.6,36.2,5.6,40.86
1961-09,17.32,17.9,33.7,6.85,37.51
1961-10,24.14,11.8,30.1,8.06,35.66
1961-11,16.03,5.2,20.8,2.1,17.21
1961-12,48.47,3.6,17.8,1.39,13.72
1962-01,37.21,2.3,17.6,2.21,14.62
1962-02,9.69,5.3,21.6,2.45,19.67
1962-03,12.67,3.2,21.1,3.28,20.78
1962-04,0,10.4,31,8.54,39.74
1962-05,0,11.7,32.4,9.6,41.88
1962-06,3.71,16.3,36.8,13.31,53.54
1962-07,39.43,21.8,37.7,12.02,50.31
1962-08,28.25,21.9,39.3,12.91,56.74
1962-09,68.49,20.4,35.7,7.75,41.79
1962-10,5.9,12.3,30.6,6.06,33.15
1962-11,6.84,7.6,25.8,4.92,26.23
1962-12,32.97,4.7,20,1.97,15.91
1963-01,22.57,0.8,17.6,1.86,15.09
1963-02,35.17,5.4,23.5,3.59,22.97
1963-03,13.21,5.3,23.8,3.98,24.69
1963-04,11.19,7.8,27.6,6.48,32.36
1963-05,0,14.4,34.9,12.3,48.66
1963-06,0,16,36.5,12.75,52.91
1963-07,29.06,23,39.5,13.54,55.46
1963-08,88.44,21.1,35.4,5.06,37.43
1963-09,23.2,20.1,36.4,9.18,45.73
1963-10,14.3,13.6,32.3,7.23,39.78
1963-11,33.19,7.1,23.4,3.04,20.87
1963-12,3.59,1.9,20.8,2.99,19.55
1964-01,8.48,-1.4,18.2,2.79,16.72
1964-02,0,-1.1,18.9,3.26,18.37
1964-03,24,3.3,21.2,3.33,20.88
1964-04,15.15,7.9,26.7,6.48,30.03
1964-05,0,11.8,33,10.19,44.18
1964-06,0.12,17.5,37.1,13.77,54.09
1964-07,61.14,22.5,38.7,10.89,52.18
1964-08,72.55,21,35.3,5.25,37.87
1964-09,70.41,17.9,32.8,4.95,33.86
1964-10,25.89,13,31.9,6.43,36.87
1964-11,24.58,3.7,21.8,2.31,19.97
1964-12,20.54,2.8,19.8,2.15,16.07
1965-01,20.06,3,20,1.87,17
1965-02,23.56,1.9,19.7,2.52,18.32
1965-03,10.1,3.8,22,3.51,21.6
1965-04,11.77,8.6,27.6,5.89,31.87
1965-05,0.04,10.8,31.6,8.03,41.09
1965-06,5.07,14.8,35.3,10.26,49.74
1965-07,42.59,22.2,38.1,11.08,51.06
1965-08,42.97,21.3,38.1,9.16,51.08
1965-09,19.56,17.3,34.5,7.9,42.94
1965-10,1.39,11.4,32.6,8.78,42.89
1965-11,16.99,8.9,25.3,5.44,25.42
1965-12,153.56,4.7,18.1,2.01,14.18
1966-01,29.33,0.9,17.3,1.59,14.48
1966-02,66.69,1.4,17,1.85,13.8
1966-03,3.77,5.4,25.1,3.69,26.03
1966-04,4.06,9.2,29.1,5.93,34.19
1966-05,1.41,14.4,34.2,9.22,46.24
1966-06,5.65,18.6,38.2,13.04,57.75
1966-07,57.03,22.3,38.8,10.81,52.79
1966-08,68.66,22,36.7,7.26,42.44
1966-09,78.91,19.2,34,6.62,37.93
1966-10,12.43,11,30.2,5.32,34.7
1966-11,12.03,6.7,25.7,3.67,26.71
1966-12,4.43,2.2,20.2,3.14,19.47
1967-01,1.81,0,19.8,2.89,19.53
1967-02,3.24,3,22.9,4.13,24.11
1967-03,9.13,6.9,26.5,5.71,29.94
1967-04,12.72,7.3,26.6,5.23,29.59
1967-05,11.35,11.7,32,8.88,41.65
1967-06,8.81,17.7,35.7,10.83,48.43
1967-07,73.31,22.4,37.5,9.07,46.09
1967-08,39.04,21.5,37,9.32,46.64
1967-09,29.48,19.3,34.9,8.73,42.27
1967-10,22.12,12.6,31.6,7.57,38.92
1967-11,14.52,7.8,26,4.83,27.59
1967-12,117.48,2.1,16.5,1.34,12.73
1968-01,12.8,3.1,18.9,1.81,15.67
1968-02,34.18,7.1,22.6,2.46,19.39
1968-03,40.54,7.3,22.5,2.9,20.21
1968-04,13.36,8.5,26.2,4.82,27.69
1968-05,0.33,12.8,32.7,8.74,42.9
1968-06,0,19,38.5,14.37,59.59
1968-07,38.14,21.3,37.2,9.2,48.16
1968-08,68.63,20.1,35.2,7.12,40.91
1968-09,6.33,18.2,35.3,10.48,46.32
1968-10,4.56,11.4,32.3,6.45,39.88
1968-11,30.13,6.2,23.1,3.47,21.9
1968-12,20.52,0.9,19,2.65,17.89
1969-01,19.36,5.2,20.6,2.05,17.32
1969-02,14.64,3.2,19.7,2.09,17.31
1969-03,10.22,3.5,21.4,3.24,20.83
1969-04,2.29,9.5,29.7,7.03,36.14
1969-05,10.29,14,33.5,10.16,45.51
1969-06,0,17.7,36.8,12.11,53.69
1969-07,40.04,23.6,38,11.36,49.39
1969-08,53.6,23.7,39,11.41,51.39
1969-09,18.49,20.2,36.2,11.26,47.27
1969-10,2.88,11.4,29.3,6.92,33.35
1969-11,31.77,7.9,23,4.29,20.85
1969-12,19.38,4.4,20.3,2.2,16.85
1970-01,0,1.3,19,2.4,16.85
1970-02,8.34,5.4,22.7,4.1,22.23
1970-03,43.34,5.3,21.5,3.55,20.06
1970-04,5,6.7,25.9,5.88,28.95
1970-05,1.48,14.8,33.5,11.27,45.55
1970-06,9.84,19.9,38.2,15.84,59.05
1970-07,57.68,23.2,39,12.58,53.91
1970-08,55.33,22.6,37.5,9.61,46.17
1970-09,69.3,18.1,33.5,9.02,39.77
1970-10,10.41,9.6,27.9,5.69,30.97
1970-11,0,6.9,25.8,6.04,28.55
1970-12,12.47,3.1,19.9,2.96,18.09
1971-01,4.3,0.7,20.2,2.56,19.55
1971-02,16.35,2.7,21.3,3.69,21.45
1971-03,0,5.3,25.6,5.65,29.26
1971-04,9.36,8.2,27.4,6.68,32.06
1971-05,0,11.5,31.1,8.64,40.1
1971-06,0,17.9,37.2,13.26,56.41
1971-07,27.33,23.8,39.3,13.66,55.66
1971-08,146.7,21.1,34.8,6.29,36.67
1971-09,36.91,18.7,34.8,8.08,42.3
1971-10,45.62,11.5,26.2,4.54,24.96
1971-11,16.05,5.4,23,3.01,21.58
1971-12,42.5,2.5,16.2,1.19,11.53
1972-01,0,0.8,20.3,2.31,19.36
1972-02,0,3.1,23.4,4.25,25.02
1972-03,0,8.8,28.9,6.47,34.93
1972-04,0,9.1,29.6,7.53,37.3
1972-05,7.33,12.5,33,9.42,45.2
1972-06,35.83,19.2,36.6,11.15,50.76
1972-07,40.99,23.5,39.1,14.29,56.3
1972-08,62.71,22,36.6,10.62,45.91
1972-09,27.21,18.9,34.6,8.41,41.85
1972-10,106.02,13.9,27.8,3.93,25.35
1972-11,38.93,4.4,20.2,1.72,16.37
1972-12,13.46,2.1,18.1,1.96,15.31
1973-01,5.37,1.1,17.2,1.98,14.39
1973-02,49.75,4.9,19.4,1.73,14.98
1973-03,68.04,4.7,18.7,1.59,14.19
1973-04,0.75,7.6,25.2,5.23,26.52
1973-05,3.36,14.2,33,10.12,42.37
1973-06,15.27,18.7,37.1,14.01,54.45
1973-07,62.73,21.7,38.3,10.4,51.38
1973-08,20.83,22.1,38.5,10.73,51.62
1973-09,0.03,17.5,36.6,11.91,51.06
1973-10,0,12.8,32.3,10.02,41.46
1973-11,13.77,5.7,24.6,5.16,26.01
1973-12,0,1.9,21.4,3.79,21.13
1974-01,25.98,3,18.8,1.86,15.52
1974-02,0,1.5,21.3,4.23,21.34
1974-03,14.06,7.2,25.1,4.84,25.93
1974-04,0,8.9,28.6,8.37,33.68
1974-05,0,14.8,33.9,13,46.78
1974-06,0.55,21.6,40.2,20.19,65.84
1974-07,55.28,22.4,37,10.31,46.84
1974-08,45.8,21.4,36.7,11.34,46.06
1974-09,58.73,19.4,34.1,8.35,37.54
1974-10,53.49,15.1,29.1,6.34,29.05
1974-11,12.71,5.4,22.9,2.69,20.04
1974-12,7.22,-0.4,17,2.11,14.23
1975-01,13.27,1.8,18.8,3.46,17.24
1975-02,3.03,2.5,19.5,2.85,16.96
1975-03,27.51,4.5,22.4,3.41,21.62
1975-04,15.62,5.5,24.4,4.43,25.36
1975-05,0,11.6,31.2,10.04,39
1975-06,0,17.5,37.2,15.56,54.9
1975-07,70.43,22.6,37.2,10.07,45.05
1975-08,17.99,22.2,38.6,14.21,53.89
1975-09,37.21,19.8,35.1,10.7,42.49
1975-10,0.99,11.7,30.8,8.76,37.08
1975-11,12.94,6.3,25,6.25,26.3
1975-12,14.16,3.1,19.7,2.97,17.51
1976-01,6.29,2.2,20,4.05,18.97
1976-02,18.66,6.7,22.3,4.32,20.4
1976-03,11.19,5.8,23.5,5.44,23.96
1976-04,24.4,9.1,27.2,7.23,30.3
1976-05,8.64,14.5,33,11.11,41.91
1976-06,0.43,18.5,38.4,16.52,56.73
1976-07,45.09,22.8,36.5,11.48,43.52
1976-08,20.55,21.8,38.1,12.26,51.58
1976-09,60.27,18.7,33.4,8.37,37.58
1976-10,15.73,12.6,28.1,6.29,29.11
1976-11,12.94,7.2,24.1,4.83,23.4
1976-12,4.01,2.4,19.9,3.7,17.79
1977-01,62.31,3.9,17.2,1.83,12.28
1977-02,0.88,3.8,22.6,3.93,21.9
1977-03,14.89,4.1,21.9,4.87,21.12
1977-04,5.86,9.7,28.5,7.39,32.1
1977-05,1.68,12.5,30.5,9.31,36.51
1977-06,7.59,19,38.7,15.94,57.4
1977-07,34.61,24.2,38.6,14.39,51.08
1977-08,32.06,23.6,38.1,11.65,47.73
1977-09,30.76,21,35.8,9.57,42.51
1977-10,73.26,15.6,31,6.38,31.82
1977-11,9.59,7.1,25.5,4.14,24.75
1977-12,31.46,5.8,21.9,4.06,18.73
1978-01,64.97,5.3,18.5,1.32,12.95
1978-02,56.01,5.3,19.2,1.72,14.9
1978-03,47.89,9.5,23.9,2.98,21.08
1978-04,4.16,8.9,28.1,5.49,31.9
1978-05,18.12,13.1,32.2,8.98,40.93
1978-06,11.47,18.7,39.7,15.68,62.12
1978-07,34.79,23.2,39.5,13.28,55.94
1978-08,48.14,22.1,37.5,10.86,47.15
1978-09,10.93,20.6,35,12.37,42.43
1978-10,59.11,15.4,31.7,9.27,37.59
1978-11,54.49,8.5,22,3.35,18.08
1978-12,76.08,2.6,16.8,1.81,12.27
1979-01,89.26,3.5,14.7,1.32,9.55
1979-02,16.51,3.5,20.1,2.13,17.55
1979-03,28.99,5.8,21.8,3.17,19.81
1979-04,1.16,8.6,28.3,6.48,32.81
1979-05,14.03,14.1,31.2,8.72,38.23
1979-06,11.16,19.5,37.5,15.95,55.78
1979-07,46.16,22.5,39.4,16.08,58.75
1979-08,59.3,20.5,36.7,9.74,46.01
1979-09,2.02,20.6,37.4,14.68,53.44
1979-10,5.32,12.8,32.7,10.85,42.44
1979-11,4.76,5.4,22.7,6.21,22.29
1979-12,5.86,4.7,21.5,5.73,20.39
1980-01,21.4,4.9,19.3,2.83,14.88
1980-02,66.51,6.9,21.5,3.04,18.38
1980-03,28.36,6.7,22.1,3.3,19.85
1980-04,4.49,9.1,27.8,7.07,31.44
1980-05,1.75,11.7,30.7,8.24,37.06
1980-06,2.64,17.8,39.8,16.52,63.86
1980-07,45.87,24.3,39.5,14.91,55.35
1980-08,63.97,22.4,37.2,11.62,45.37
1980-09,33.58,18.3,36,9.59,44.59
1980-10,9.01,12.4,30.2,8.89,36.47
1980-11,0,7.7,24.9,6.54,26.16
1980-12,6.26,4.7,23.6,4.95,22.85
1981-01,24.48,6.5,20.6,4.09,16.85
1981-02,27.76,5.4,22.7,4.42,21.48
1981-03,45.39,7.4,22,3.53,19.05
1981-04,5.38,11.2,30,7.17,34.19
1981-05,19.54,15.1,31.8,9.39,37.47
1981-06,5.58,21.8,38.8,17.14,58.16
1981-07,62.8,23.4,37.4,11.36,46.99
1981-08,26.85,23.8,37.9,14,50.1
1981-09,15.5,20.2,35.8,10.31,44.02
1981-10,5.64,11.7,29,6.23,30.75
1981-11,19.92,6.6,26.4,6.32,28.63
1981-12,0,3.8,21.6,3.74,20
1982-01,50.63,4.1,18,2.38,14.46
1982-02,6.12,5.9,20.5,2.84,16.71
1982-03,27.52,7.2,22.8,3.75,20.7
1982-04,0.7,8.9,28.2,7.47,32.3
1982-05,13.24,13.4,31.7,9.73,39.39
1982-06,1.64,16.4,37,14.9,55.24
1982-07,53.61,22.6,37.4,12.89,49.69
1982-08,121.92,22.9,36.5,9.07,42.27
1982-09,69.47,19.9,34.8,9.34,41.68
1982-10,0,9.3,29.7,7.66,34.98
1982-11,28.05,8.4,21.8,3.79,17.9
1982-12,61,4,17.5,1.82,13.25
1983-01,39.98,3.8,19.2,2.48,15.66
1983-02,45.88,5.1,19.2,2.17,14.7
1983-03,53.48,7.3,20.9,2.54,16.63
1983-04,4.49,7.4,24.1,4.58,24.47
1983-05,0.14,12.4,32.1,9.39,41.67
1983-06,0,17,36.4,13.45,52.36
1983-07,33.37,22.7,38.5,11.82,51.23
1983-08,84.44,21.9,36.3,7.17,42.2
1983-09,98.89,21.8,35.7,7.16,40.15
1983-10,134.8,14.5,27.9,3.7,23.32
1983-11,31.61,7.1,22,2.4,17.33
1983-12,31.24,4.7,19.3,2.23,14.71
1984-01,18.01,3.4,18.5,2.4,14.34
1984-02,0,2.6,21.1,3.81,19.7
1984-03,0,5.3,25.5,5.59,26.72
1984-04,16.84,8.2,26.6,5.95,29.47
1984-05,3.51,16.4,35.6,13.21,50.17
1984-06,21.4,20.3,36.6,15.15,50.18
1984-07,157.71,22.1,35.7,7.36,39.54
1984-08,92.27,21.9,35,6.61,36.97
1984-09,45.3,20.9,34.8,9.9,40.48
1984-10,26.04,12.6,26.4,5.15,24.33
1984-11,15.93,5.9,23,3.76,22.09
1984-12,83.59,4.2,17.1,1.36,11.53
1985-01,39.19,4.3,16.6,1.92,11.56
1985-02,36.19,3.6,19.2,2.98,17.64
1985-03,5.9,7.2,23,4.24,21.7
1985-04,13.12,11.1,29.2,7.26,33.91
1985-05,0,15.4,33.4,11.32,43.13
1985-06,0,19,39,15.3,60.02
1985-07,54.91,23.1,38.7,13.06,53.55
1985-08,28.77,22.6,37.4,11.14,48.32
1985-09,36.39,16.6,33.1,7.95,38.87
1985-10,32.59,13.6,29,5.62,28.97
1985-11,36.56,6.7,21.9,3.55,19
1985-12,9.29,2.5,20,2.25,16.54
1986-01,1.25,4.9,23.3,4.3,21.53
1986-02,47.84,6.2,21.5,2.56,18.29
1986-03,44.49,9.2,25.5,5.05,25.71
1986-04,0.48,11.6,28.7,8.1,31.95
1986-05,5.54,14.4,33.7,11.01,44.09
1986-06,1.06,21.4,38.4,15.23,54.74
1986-07,47.88,22.4,36.1,8.44,41.56
1986-08,78.4,23.1,36.8,8.54,42.8
1986-09,12.1,17.5,34,9.26,42.6
1986-10,12.25,12.1,28.9,6.5,30.99
1986-11,15.12,8.2,23.3,3.63,19.86
1986-12,39.82,3.7,18.4,2.08,14.02
1987-01,18.4,1.9,18.6,2.76,17.16
1987-02,45.53,5.5,19.7,3.48,16.92
1987-03,16.48,6.6,21.7,3.39,19.64
1987-04,13.12,12.3,29.3,7.06,33.63
1987-05,10.75,15.5,31.2,7.8,36.52
1987-06,0.65,20.7,38.3,16.02,56.28
1987-07,12.15,20.8,38.7,14.44,56.39
1987-08,30.14,22.5,36.3,9.58,42.87
1987-09,23.18,19,34,9.35,40.75
1987-10,15.5,15,31.6,7.79,36.77
1987-11,9.16,6.6,22.7,4,20.45
1987-12,47.86,2.9,17.1,2.31,14.02
1988-01,13.86,2.9,18.1,2.36,15.37
1988-02,10.5,5.8,22.2,3.53,20.06
1988-03,3.98,6.4,24.9,5.57,25.71
1988-04,34.15,10.9,27.3,5.87,29.02
1988-05,0,14.9,33.2,11.43,43.04
1988-06,4.67,19.2,38.4,13.59,55.95
1988-07,41.48,23.9,38.4,12.19,50.52
1988-08,68.8,23.4,36.3,7.28,39.73
1988-09,8.35,18.5,35.1,10.67,45.14
1988-10,59.84,15.9,31.7,6.92,34.66
1988-11,15.73,6.6,23.5,3.41,22.48
1988-12,2.02,2.9,18.5,3.05,16.35
1989-01,19.93,2.2,17.4,2.48,14.71
1989-02,3.01,5.6,22.6,4.19,22.01
1989-03,21.99,8.9,27.4,7.18,31.66
1989-04,0,13.3,32.5,11.15,43.65
1989-05,2.06,14.7,34.1,11.56,46.73
1989-06,0.75,18.5,38.3,16,58.43
1989-07,50.03,24.1,39.3,14.26,56.74
1989-08,29.54,22.7,36.7,9.58,44.07
1989-09,8.25,21,36.5,14.16,48.96
1989-10,49.17,13.3,29.3,7.13,32.42
1989-11,4.81,7.6,24.7,5.12,24.35
1989-12,8.99,1.5,19.2,3.52,16.76
1990-01,26.91,2,18.3,1.92,15.14
1990-02,24.68,3.1,18.6,2.28,16.09
1990-03,24.6,7.9,24,5.26,23.68
1990-04,6.18,12,28.5,7.61,32.47
1990-05,0.63,15.2,32.2,11.33,41.85
1990-06,10.69,21.8,39.8,18.91,64.33
1990-07,141.59,23.3,36,9.34,40.93
1990-08,40.98,21.1,34.5,7.68,38.42
1990-09,36.08,20.9,34.7,7.83,38.76
1990-10,10.38,13.2,30.7,7.84,35.22
1990-11,15.37,8.2,24.5,5.02,23.86
1990-12,60.67,3.3,17.5,2.98,14.95
1991-01,38.06,4.1,17.6,1.8,12.82
1991-02,24.58,6.9,23.1,4.25,22.05
1991-03,38.32,5.6,20.3,2.82,18.36
1991-04,0,7.8,27.4,6.02,32.02
1991-05,0.15,12.1,32.3,10.39,43.51
1991-06,3.36,16.5,36.2,13.26,53.46
1991-07,22.41,23.4,37.7,14.56,53.03
1991-08,59.29,23.5,36.9,10.52,47.61
1991-09,8.58,20.2,34.5,8.72,40.9
1991-10,17.4,14.7,31.7,10.21,41.07
1991-11,21.63,6.6,22.6,3.85,21.16
1991-12,45.74,6.1,17.9,1.84,12.7
1992-01,31.65,4.4,17,2.13,13.32
1992-02,43.93,7.3,20.4,2.32,16.43
1992-03,59.83,7.8,22.2,2.47,19.53
1992-04,15.25,10.6,29.8,5.17,36.68
1992-05,27.57,17,32.6,8.71,39.26
1992-06,1.9,18.5,37.6,14.28,57.23
1992-07,39.2,22.3,37.7,12.16,52.57
1992-08,88.22,22.4,36.3,8.15,44.9
1992-09,11.59,20.4,36.3,11.01,47.65
1992-10,2.75,13.2,32.1,8.4,40.82
1992-11,0,4.7,22.1,4.94,22.2
1992-12,85.76,4.5,17.2,1.28,12.51
1993-01,142.64,7.7,18.3,1.58,11.87
1993-02,42.33,6.1,18.7,1.9,14.74
1993-03,25.14,7.7,23.9,2.8,22.81
1993-04,0,9.1,29,6.1,35.12
1993-05,12.06,15.1,33.9,8.59,45.35
1993-06,0,18,38.4,14.83,61.08
1993-07,7.06,22.8,37.8,13.14,52.35
1993-08,93.56,22.9,36.7,8.88,46.44
1993-09,12.93,18.1,35.1,8.17,45.13
1993-10,14.71,13.8,29.6,6.07,33.14
1993-11,38.71,5.5,22.8,2.69,21.56
1993-12,5.08,3.6,19.4,2.99,17.49
1994-01,1.72,2.2,20.5,3.71,20.01
1994-02,31.05,4.2,20,3.24,18.92
1994-03,33.17,8.7,24.2,3.88,23.8
1994-04,3.15,10.4,28.5,7.2,35.05
1994-05,15,13.9,32.1,8.69,41.96
1994-06,1.99,21.8,39.7,17.32,65.72
1994-07,20.51,23.4,39.5,14.51,60.63
1994-08,35.28,24.3,38.6,11.87,53.24
1994-09,46.75,20.4,35.7,8.39,44.65
1994-10,14.17,13.1,28.9,6.47,32.1
1994-11,48.89,7.5,21,3.35,18.74
1994-12,84.83,5.4,18.8,1.65,14.57
1995-01,29.42,5.1,17.7,1.41,13.18
1995-02,36.52,7.9,23.2,2.38,20.15
1995-03,12.85,8.5,23.8,3.11,22.12
1995-04,8.65,8.4,26.5,5.95,31.26
1995-05,1.89,12.7,30.5,8.33,38.03
1995-06,0,17.3,37,13.93,56.46
1995-07,3.88,22,39.4,15.14,62.13
1995-08,79.06,24.1,38.2,11.03,50.82
1995-09,31.68,22.3,35.9,11.76,45.91
1995-10,5.09,13,32.5,9.14,41.33
1995-11,20.03,9,26,3.42,25.37
1995-12,4.58,4.8,20.9,3.3,19.06
1996-01,1.33,2.8,21.3,3.7,20.89
1996-02,28.68,8,22.9,3.48,20.24
1996-03,4.34,7.6,24.7,5.66,26.51
1996-04,0,11.2,29.7,9.52,38.1
1996-05,1.45,15.5,35.6,13.31,53.5
1996-06,2.42,20.8,39.4,18.42,63.68
1996-07,43.24,24.7,38.6,11.67,52.26
1996-08,62.89,23.5,37.4,10.21,49.09
1996-09,88.92,19.2,32.7,6.07,34.11
1996-10,28.18,13.8,29.4,8.28,36.07
1996-11,11.57,8.3,24.8,4.76,25.82
1996-12,0,2.7,20.7,3.09,19.7
1997-01,27.43,4.7,17.7,1.78,13.98
1997-02,14.06,4.1,20.8,3.61,20.64
1997-03,12.24,8.6,27.1,6.03,32.37
1997-04,8.69,9.9,26.3,6.21,28.93
1997-05,9.11,17.1,35.1,11.58,49.57
1997-06,1.63,18.5,37.5,14.85,58.57
1997-07,9.6,22.5,39.2,15.66,60.84
1997-08,52.48,24,37.6,8.47,47.21
1997-09,41.18,21.7,36.3,6.71,44.96
1997-10,8.75,13.7,29.5,8.28,34.71
1997-11,16.42,6.6,24.6,3.84,26.05
1997-12,80.3,2,16,1.17,12.87
1998-01,4.84,3.5,19.7,1.72,17.34
1998-02,99.55,4.2,16.6,0.96,12.72
1998-03,44.3,6.4,21.8,2.32,20.5
1998-04,11.78,7.3,24.5,3.52,26.09
1998-05,0,13.4,31.4,8.8,40.63
1998-06,0,17.7,36.6,13.88,56.07
1998-07,76.83,23.5,37.6,9.99,49.92
1998-08,73.61,23.3,37.4,7.94,48.12
1998-09,29.41,20.5,36,9.01,47.29
1998-10,4.1,13,30.7,7.68,37.52
1998-11,23.48,6.7,24.9,3.3,26.09
1998-12,10.1,3.1,19.4,2.36,17.62
1999-01,0.1,2.6,21.8,3.56,22.38
1999-02,0,4.2,23.7,4.76,25.48
1999-03,2.47,6.8,26.1,5.46,29.96
1999-04,30.18,8.4,25.9,5.56,29.95
1999-05,0,14.4,32.7,11.62,44.79
1999-06,0,20.6,37,16.27,54.9
1999-07,99.64,23,35.7,6.82,40.94
1999-08,67.33,22.5,36.9,8.33,46.78
1999-09,54.34,20.5,35.4,6.86,43.46
1999-10,0,13.7,32.9,10.53,45.56
1999-11,0,7.7,28.6,6.61,35.52
1999-12,0,1.5,19.7,3.79,19.52
2000-01,2.81,3.1,22.4,4.13,22.98
2000-02,2.76,5.4,23.6,4.63,25.29
2000-03,29.73,6.7,23.9,3.92,26
2000-04,0.21,11.8,30.7,9.09,40.36
2000-05,0,16.5,36,14.05,55.16
2000-06,55.58,21.7,37.5,12.63,53.96
2000-07,11.24,23.8,38.7,13.7,57.38
2000-08,63.8,23,36.9,8.83,48.15
2000-09,24.71,20.9,37.1,12.62,52.81
2000-10,115.71,14.3,27.4,5.07,26.63
2000-11,25.99,4,19.1,1.44,16.48
2000-12,0.84,2.8,21.3,2.12,19.48
2001-01,45.82,2.9,17.1,1.34,13.06
2001-02,8.87,3.4,19.6,1.35,18.07
2001-03,21.85,7.5,23.9,3.25,24.85
2001-04,35.9,10.6,27.8,5.27,33.71
2001-05,4.22,16.6,35.4,10.99,52.58
2001-06,13.74,20.9,38.7,15.61,61.33
2001-07,34.67,23.8,36.7,10.65,47.93
2001-08,36.03,22.8,37.3,9.4,50.28
2001-09,8.81,21.8,37.2,13.85,54.23
2001-10,8.25,14.4,31.4,7.09,38.56
2001-11,1.69,9.7,25.3,5.22,26.76
2001-12,20.82,1.8,17.8,1.93,16.71
2002-01,5.82,3.4,19.5,3.41,18.85
2002-02,2.73,4.3,22.5,4.53,24.97
2002-03,3.7,5.7,25,5.89,29.42
2002-04,0,13,31,9.58,41.39
2002-05,0,14.5,33.9,12.93,50.29
2002-06,0,21.6,40.3,20.4,69.72
2002-07,42.33,23.8,38.2,13.38,54.78
2002-08,65.58,23,37.8,12.41,53.1
2002-09,43.39,21,35.9,10.96,47.74
2002-10,9.52,13.1,29,6.71,33.35
2002-11,10.32,7.6,24.9,5.33,26.8
2002-12,19.36,3.6,17.7,1.25,14.44
2003-01,2.1,5.1,23.4,2.97,23.55
2003-02,33.71,6.1,19.9,2.58,17.53
2003-03,13.97,7.5,23.1,3.57,23.83
2003-04,2.55,10.1,27.4,7.3,33.03
2003-05,5.81,16,34.2,13.05,50.13
2003-06,0,20.5,38.4,17.73,61.91
2003-07,35.43,24.5,39.8,13.32,60.41
2003-08,78.92,23.9,37.3,8.83,48.62
2003-09,37.96,20.8,36,9.11,47.37
2003-10,12.62,16.4,32.5,7.47,40.54
2003-11,26.33,7.6,22.6,3.44,21.01
2003-12,5.63,4.1,20.3,3.82,20.51
2004-01,25.21,4.8,18.5,1.52,14.78
2004-02,16.68,2.8,18.1,2.19,16.64
2004-03,26.4,11.1,26.9,5.25,30.72
2004-04,21.78,11.7,27,5.99,30.78
2004-05,0,16.2,34,13.27,49.25
2004-06,0.21,20.3,38.2,17.54,61.88
2004-07,30.4,23.1,37.9,13.4,54.33
2004-08,13.19,22.6,36.7,11.42,49.07
2004-09,32.71,19.9,35.1,10.65,47.49
2004-10,18.1,13.4,28.8,6.52,33.37
2004-11,16.82,7.1,20.5,2.89,18.24
2004-12,24.11,3.7,18.5,2.25,16.25
2005-01,42.94,5.8,19.1,1.3,15.33
2005-02,45.06,7.9,18.5,1.19,12.88
2005-03,9.44,7.7,22.6,3,21.98
2005-04,6.15,10.8,28.4,7.34,35.35
2005-05,15.18,16.7,33.7,11.51,48
2005-06,2.46,20.9,38,16.22,60.8
2005-07,29.13,24.5,40.4,15.95,65.63
2005-08,111.5,22.4,35.8,5.72,42.56
2005-09,5.67,21.1,36.5,12.58,50.46
2005-10,10.76,14.8,30.7,7.3,36.81
2005-11,0,7.8,26.1,5.91,30.17
2005-12,0.52,3,21.4,3.58,21.36
2006-01,0,3.2,21.3,4.73,21.84
2006-02,0,5,23.2,5.12,25.14
2006-03,20.88,7.5,22.6,5.28,23.51
2006-04,0,11.3,29.2,8.19,36.8
2006-05,0,17.1,35,14.31,51.51
2006-06,11.54,22.9,39.3,18.39,63.57
2006-07,140.01,24.7,38.2,12.55,52.94
2006-08,38.96,23.2,35.2,7.65,39.6
2006-09,43.54,19.2,32.8,7.41,37.25
2006-10,13.28,13.4,29.4,6.23,33.92
2006-11,0.18,9.3,26.3,6.79,29.93
2006-12,15.46,2.3,18.5,2.94,17.62
2007-01,19.74,2.3,16.6,1.98,14.07
2007-02,4.91,5.1,21.4,3.58,21.28
2007-03,14.1,8.9,26,6.63,31.01
2007-04,10.37,11,28.5,7.02,34.98
2007-05,0.35,16.9,34,13.07,47.97
2007-06,0.56,21,38.5,18.15,62.14
2007-07,102.3,24.3,37.9,12.38,51.78
2007-08,54.41,24.2,36.8,8.59,45.24
2007-09,21.61,21,35.5,9.71,44.86
2007-10,3.89,14.2,31.1,9.01,38.85
2007-11,3.98,10.1,27,6.57,30.28
2007-12,63.79,2.7,16.9,1.44,14.19
2008-01,16.7,3.8,17.7,2.32,15.06
2008-02,32.21,4.2,20.1,2.26,19.27
2008-03,5.08,6.1,24.6,5.47,27.79
2008-04,0.44,9.6,29,8.79,37.47
2008-05,1.06,13.6,31.4,9.75,42.27
2008-06,9.02,20.6,39.2,16.84,64.8
2008-07,85.27,23.2,36.3,8.89,46.54
2008-08,91.77,22.7,36.5,7.42,45.48
2008-09,26.43,19.9,35.1,8.91,45.62
2008-10,0,13.7,31.5,9.79,40.46
2008-11,15.54,8.3,25.9,5.09,28.25
2008-12,21.95,4.1,19.5,1.8,17.37
2009-01,22.74,4.1,21.1,2.2,20.1
2009-02,19.33,4.1,22.9,3.12,24.89
2009-03,4.14,8,26.2,6.32,30.86
2009-04,8.57,9.6,28,7.64,35.15
2009-05,12.07,17.6,34.9,12.4,50.74
2009-06,1.38,20.1,36.1,14.81,53.3
2009-07,63.7,24.8,39.3,12.94,57.58
2009-08,21.13,23.7,39.1,15.17,59.38
2009-09,14.06,20.7,36.2,11.04,49.86
2009-10,1.25,12.8,29.1,8.07,34.66
2009-11,3.87,8.6,26.8,6.53,30.76
2009-12,17.64,2.4,17.5,2.09,15.27
2010-01,75.76,4.1,19.1,2.75,17.52
2010-02,49.22,5.1,18.9,1.64,16.13
2010-03,31.42,6.1,22.6,3,23.37
2010-04,4.18,10,27.1,6.15,31.86
2010-05,0,13,31.8,10.54,44.3
2010-06,0,20.4,38.5,17.4,62.81
2010-07,68.58,25.2,38.4,13.59,52.82
2010-08,51.35,23.7,37.3,9.03,47.67
2010-09,15.82,21.3,37,11.57,51.96
2010-10,18.68,14.5,30.5,5.7,36.21
2010-11,0,6.1,23.1,5.4,24.6
2010-12,28.87,4.8,21.9,3.34,21.61
2011-01,0.01,1.1,19.2,2.37,18.84
2011-02,6.88,1.7,19.4,3.24,20.36
2011-03,1.79,7.7,26.6,5.67,31.7
2011-04,7.47,11.6,29.6,8.34,38.65
2011-05,0,13.4,31.5,10.95,43.58
2011-06,5.27,19.4,39.3,17.19,67.11
2011-07,49.6,23.8,38.3,11.65,54.67
2011-08,25.48,24.9,38.8,11.29,54.42
2011-09,76.68,20.7,36.1,9.41,49.28
2011-10,0.67,13.5,31.5,7.92,40.05
2011-11,33.15,7.2,22.5,3.21,21.63
2011-12,57.27,2.3,16,1.47,13.21
2012-01,6.57,3.5,21.2,3.24,20.76
2012-02,3.29,4.1,21.4,3.11,21.25
2012-03,15.54,6.1,24.8,5.42,28.52
2012-04,4.24,11.4,30,8.65,39.77
2012-05,0,15.9,35.1,13.79,53.15
2012-06,2.96,21.2,39.6,18.46,65.64
2012-07,70.56,23.5,37,8.92,48.27
2012-08,70.45,23.7,38.1,9.26,51.83
2012-09,21.87,20.7,34.9,9.27,42.96
2012-10,0,13.5,32,8.43,41.77
2012-11,3.35,8.9,26.9,5.91,30.79
2012-12,36.92,3.7,19.5,2.51,17.98
2013-01,20.83,1.8,17,2.32,15.86
2013-02,21.28,2.3,17.9,2.17,16.7
2013-03,0.97,9.2,26.4,7.14,31.28
2013-04,4.72,11.2,28.8,9.48,36.68
2013-05,0.64,16.5,33.8,14.1,48.58
2013-06,0,22.1,40.3,20.08,69.82
2013-07,36.64,24.1,37,9.75,47.79
2013-08,18.15,23.5,37.3,10.93,50.52
2013-09,16.78,21.4,35.1,10.13,44.99
2013-10,0,12.3,29.9,8.77,37.2
2013-11,55.65,9,24.2,4.28,23.36
2013-12,15.87,4.1,18.5,2.64,16.65
2014-01,0,5.2,21.8,4.67,23
2014-02,1.94,7.2,23.4,5.58,25.35
2014-03,12.76,9.2,25.3,5.69,27.95
2014-04,0.8,11.9,28.9,9.43,37.32
2014-05,0,15.8,32.7,14,46.48
2014-06,0,22.5,39.5,20.15,65.05
2014-07,42.33,24.2,37.8,11.6,52.02
2014-08,84.8,22.4,35.7,7.8,43.88
2014-09,79.01,21.6,33.9,7.23,38.47
2014-10,39.76,15.4,31.1,5.71,36.26
2014-11,0,8.9,24.2,5.32,25.37
2014-12,45.43,5.2,18.7,1.82,15.56
2015-01,73.17,5.2,19.4,2.09,16.97
2015-02,19.15,8.3,23.7,3,23
2015-03,7.85,10.7,26.4,5.77,29.55
2015-04,5.92,11.4,28.5,7.68,34.92
2015-05,5.01,14.4,30.4,8.66,39.02
2015-06,10.88,23,39.1,15.64,61.96
2015-07,31.35,23.9,36.7,10.72,47.28
2015-08,39.71,24,38.4,10.1,52.82
2015-09,59.5,21.6,34.1,6.91,38.61
2015-10,67.53,16.2,29.7,5.31,31.55
2015-11,8.37,6.1,22.5,2.91,22.21
2015-12,17.21,2.6,18,2.67,17.22
2016-01,40.89,2.8,18.3,1.94,16.72
2016-02,3.87,5.6,24.6,5.78,28.97
2016-03,2.6,9.2,26.5,7.11,31.95
2016-04,15.95,11.1,27.9,6.84,33.58
2016-05,0,15,31.7,10.87,42.69
2016-06,49.26,22.7,39,17.21,62.42
2016-07,87.62,24.9,38.7,13.6,56.34
2016-08,84.49,22.5,35.5,8.87,43.77
2016-09,41.67,19.1,33.5,7.47,40.66
2016-10,6.32,15.4,33.1,8.61,42.9
2016-11,7.62,9.2,25,5.05,26.4
2016-12,29.91,4.9,19.9,2.12,17.23
2017-01,49.7,4.2,17.5,1.33,14.41
2017-02,5.98,6.5,22.4,3.01,21.52
2017-03,3.11,10.2,28.2,6.9,34.46
2017-04,0,12,30,9.92,39.57
2017-05,1.48,15.4,32.7,12.13,46.6
2017-06,0,22.4,40.3,20.39,70.05
2017-07,126.66,23.5,37.3,8.83,49.93
2017-08,42.87,22.6,37.7,9.78,52.84
2017-09,0.47,19.9,35.9,11.27,50.04
2017-10,0,15,34,11.02,47.74
2017-11,1.63,11.1,28.6,6.6,33.64
2017-12,10.24,5.5,21.3,4.88,21.68
2018-01,6.09,6.2,22.7,5.23,24.03
2018-02,50.64,6.6,21.7,3.9,22.01
2018-03,1.42,8.6,24.5,5.48,26.77
2018-04,0,13,31.6,10.97,43.87
2018-05,0,16.4,34.7,14,52.41
2018-06,27.27,20.8,39.2,17.64,64.99
2018-07,25.37,24.8,38.5,12.62,55.09
